Zip,SF time,PA time
94002,63,33
94002,63,33
94002,63,33
94002,63,33
94002,63,33
94002,63,33
94002,63,33
94002,63,33
94002,63,33
94002,63,33
94002,63,33
94002,63,33
94002,63,33
94002,63,33
94005,37,63
94005,37,63
94005,37,63
94005,37,63
94010,55,50
94010,55,50
94010,55,50
94010,55,50
94010,55,50
94010,55,50
94010,55,50
94010,55,50
94010,55,50
94010,55,50
94010,55,50
94010,55,50
94010,55,50
94010,55,50
94010,55,50
94010,55,50
94010,55,50
94010,55,50
94010,55,50
94010,55,50
94010,55,50
94010,55,50
94010,55,50
94010,55,50
94010,55,50
94010,55,50
94010,55,50
94010,55,50
94010,55,50
94010,55,50
94010,55,50
94010,55,50
94010,55,50
94010,55,50
94010,55,50
94010,55,50
94010,55,50
94010,55,50
94010,55,50
94010,55,50
94010,55,50
94010,55,50
94010,55,50
94014,43,68
94014,43,68
94014,43,68
94014,43,68
94014,43,68
94014,43,68
94014,43,68
94014,43,68
94014,43,68
94014,43,68
94014,43,68
94014,43,68
94014,43,68
94014,43,68
94014,43,68
94014,43,68
94014,43,68
94014,43,68
94014,43,68
94014,43,68
94014,43,68
94014,43,68
94014,43,68
94014,43,68
94014,43,68
94014,43,68
94014,43,68
94014,43,68
94015,39,60
94015,39,60
94015,39,60
94015,39,60
94015,39,60
94015,39,60
94015,39,60
94015,39,60
94015,39,60
94015,39,60
94015,39,60
94015,39,60
94015,39,60
94015,39,60
94015,39,60
94015,39,60
94015,39,60
94015,39,60
94015,39,60
94015,39,60
94015,39,60
94015,39,60
94015,39,60
94015,39,60
94015,39,60
94015,39,60
94015,39,60
94015,39,60
94015,39,60
94015,39,60
94018,60,63
94018,60,63
94018,60,63
94018,60,63
94018,60,63
94018,60,63
94018,60,63
94019,60,63
94019,60,63
94019,60,63
94019,60,63
94019,60,63
94019,60,63
94019,60,63
94019,60,63
94019,60,63
94019,60,63
94019,60,63
94019,60,63
94019,60,63
94019,60,63
94019,60,63
94019,60,63
94019,60,63
94019,60,63
94019,60,63
94019,60,63
94019,60,63
94019,60,63
94019,60,63
94019,60,63
94019,60,63
94019,60,63
94019,60,63
94019,60,63
94019,60,63
94019,60,63
94019,60,63
94019,60,63
94019,60,63
94019,60,63
94019,60,63
94020,88,50
94020,88,50
94020,88,50
94020,88,50
94020,88,50
94020,88,50
94020,88,50
94020,88,50
94020,88,50
94022,65,21
94022,65,21
94022,65,21
94022,65,21
94022,65,21
94022,65,21
94022,65,21
94022,65,21
94022,65,21
94022,65,21
94022,65,21
94022,65,21
94022,65,21
94022,65,21
94022,65,21
94022,65,21
94022,65,21
94022,65,21
94022,65,21
94022,65,21
94022,65,21
94022,65,21
94022,65,21
94022,65,21
94022,65,21
94022,65,21
94022,65,21
94022,65,21
94022,65,21
94022,65,21
94022,65,21
94022,65,21
94022,65,21
94022,65,21
94022,65,21
94024,70,29
94024,70,29
94024,70,29
94024,70,29
94024,70,29
94024,70,29
94024,70,29
94024,70,29
94024,70,29
94024,70,29
94024,70,29
94024,70,29
94024,70,29
94024,70,29
94024,70,29
94024,70,29
94024,70,29
94024,70,29
94024,70,29
94024,70,29
94024,70,29
94024,70,29
94024,70,29
94024,70,29
94024,70,29
94024,70,29
94024,70,29
94024,70,29
94024,70,29
94024,70,29
94024,70,29
94024,70,29
94024,70,29
94024,70,29
94024,70,29
94024,70,29
94024,70,29
94024,70,29
94024,70,29
94024,70,29
94024,70,29
94024,70,29
94024,70,29
94024,70,29
94024,70,29
94024,70,29
94024,70,29
94024,70,29
94024,70,29
94024,70,29
94024,70,29
94024,70,29
94024,70,29
94024,70,29
94024,70,29
94024,70,29
94024,70,29
94024,70,29
94024,70,29
94024,70,29
94024,70,29
94024,70,29
94024,70,29
94024,70,29
94024,70,29
94024,70,29
94024,70,29
94024,70,29
94025,70,14
94025,70,14
94025,70,14
94025,70,14
94025,70,14
94025,70,14
94025,70,14
94025,70,14
94025,70,14
94025,70,14
94025,70,14
94025,70,14
94025,70,14
94025,70,14
94025,70,14
94025,70,14
94025,70,14
94025,70,14
94025,70,14
94025,70,14
94025,70,14
94025,70,14
94025,70,14
94025,70,14
94025,70,14
94025,70,14
94025,70,14
94025,70,14
94025,70,14
94025,70,14
94025,70,14
94025,70,14
94025,70,14
94025,70,14
94025,70,14
94025,70,14
94025,70,14
94025,70,14
94025,70,14
94025,70,14
94025,70,14
94025,70,14
94025,70,14
94027,65,20
94027,65,20
94027,65,20
94027,65,20
94027,65,20
94027,65,20
94027,65,20
94027,65,20
94027,65,20
94027,65,20
94027,65,20
94027,65,20
94027,65,20
94027,65,20
94027,65,20
94027,65,20
94027,65,20
94027,65,20
94027,65,20
94027,65,20
94027,65,20
94027,65,20
94027,65,20
94027,65,20
94027,65,20
94027,65,20
94027,65,20
94027,65,20
94027,65,20
94027,65,20
94027,65,20
94027,65,20
94027,65,20
94027,65,20
94027,65,20
94027,65,20
94027,65,20
94027,65,20
94027,65,20
94027,65,20
94027,65,20
94027,65,20
94027,65,20
94027,65,20
94027,65,20
94027,65,20
94027,65,20
94027,65,20
94027,65,20
94027,65,20
94027,65,20
94027,65,20
94027,65,20
94027,65,20
94027,65,20
94027,65,20
94027,65,20
94027,65,20
94027,65,20
94027,65,20
94028,65,28
94028,65,28
94028,65,28
94028,65,28
94028,65,28
94028,65,28
94028,65,28
94028,65,28
94028,65,28
94028,65,28
94028,65,28
94028,65,28
94028,65,28
94028,65,28
94028,65,28
94028,65,28
94028,65,28
94028,65,28
94028,65,28
94028,65,28
94028,65,28
94028,65,28
94028,65,28
94028,65,28
94028,65,28
94028,65,28
94028,65,28
94028,65,28
94028,65,28
94028,65,28
94028,65,28
94028,65,28
94028,65,28
94028,65,28
94028,65,28
94028,65,28
94028,65,28
94028,65,28
94028,65,28
94030,40,48
94030,40,48
94030,40,48
94030,40,48
94030,40,48
94030,40,48
94030,40,48
94030,40,48
94030,40,48
94030,40,48
94030,40,48
94030,40,48
94030,40,48
94030,40,48
94030,40,48
94030,40,48
94030,40,48
94030,40,48
94030,40,48
94030,40,48
94030,40,48
94037,55,80
94037,55,80
94037,55,80
94037,55,80
94037,55,80
94037,55,80
94037,55,80
94037,55,80
94037,55,80
94037,55,80
94037,55,80
94037,55,80
94037,55,80
94037,55,80
94038,60,82
94038,60,82
94038,60,82
94038,60,82
94038,60,82
94038,60,82
94038,60,82
94038,60,82
94038,60,82
94038,60,82
94038,60,82
94038,60,82
94038,60,82
94038,60,82
94038,60,82
94038,60,82
94038,60,82
94040,75,25
94040,75,25
94040,75,25
94040,75,25
94040,75,25
94040,75,25
94040,75,25
94040,75,25
94040,75,25
94040,75,25
94040,75,25
94040,75,25
94040,75,25
94040,75,25
94040,75,25
94041,80,25
94041,80,25
94041,80,25
94041,80,25
94041,80,25
94043,78,15
94043,78,15
94043,78,15
94043,78,15
94043,78,15
94043,78,15
94043,78,15
94043,78,15
94043,78,15
94044,43,72
94044,43,72
94044,43,72
94044,43,72
94044,43,72
94044,43,72
94044,43,72
94044,43,72
94044,43,72
94044,43,72
94044,43,72
94044,43,72
94044,43,72
94044,43,72
94044,43,72
94044,43,72
94044,43,72
94044,43,72
94044,43,72
94044,43,72
94044,43,72
94044,43,72
94044,43,72
94044,43,72
94044,43,72
94044,43,72
94044,43,72
94044,43,72
94044,43,72
94044,43,72
94044,43,72
94060,92,75
94060,92,75
94060,92,75
94060,92,75
94060,92,75
94060,92,75
94060,92,75
94060,92,75
94060,92,75
94060,92,75
94060,92,75
94060,92,75
94061,65,29
94061,65,29
94061,65,29
94061,65,29
94061,65,29
94061,65,29
94061,65,29
94061,65,29
94061,65,29
94061,65,29
94061,65,29
94061,65,29
94061,65,29
94061,65,29
94061,65,29
94061,65,29
94061,65,29
94061,65,29
94061,65,29
94061,65,29
94061,65,29
94061,65,29
94061,65,29
94061,65,29
94061,65,29
94061,65,29
94061,65,29
94061,65,29
94061,65,29
94061,65,29
94061,65,29
94061,65,29
94061,65,29
94061,65,29
94061,65,29
94061,65,29
94062,68,43
94062,68,43
94062,68,43
94062,68,43
94062,68,43
94062,68,43
94062,68,43
94062,68,43
94062,68,43
94062,68,43
94062,68,43
94062,68,43
94062,68,43
94062,68,43
94062,68,43
94062,68,43
94062,68,43
94062,68,43
94062,68,43
94062,68,43
94062,68,43
94062,68,43
94062,68,43
94062,68,43
94062,68,43
94062,68,43
94062,68,43
94062,68,43
94062,68,43
94062,68,43
94062,68,43
94062,68,43
94062,68,43
94062,68,43
94062,68,43
94062,68,43
94062,68,43
94062,68,43
94062,68,43
94062,68,43
94062,68,43
94062,68,43
94062,68,43
94062,68,43
94062,68,43
94062,68,43
94062,68,43
94062,68,43
94062,68,43
94062,68,43
94062,68,43
94062,68,43
94062,68,43
94062,68,43
94062,68,43
94062,68,43
94062,68,43
94062,68,43
94062,68,43
94062,68,43
94062,68,43
94062,68,43
94062,68,43
94062,68,43
94062,68,43
94062,68,43
94062,68,43
94062,68,43
94062,68,43
94062,68,43
94062,68,43
94062,68,43
94062,68,43
94062,68,43
94062,68,43
94062,68,43
94062,68,43
94062,68,43
94062,68,43
94062,68,43
94062,68,43
94062,68,43
94062,68,43
94062,68,43
94062,68,43
94062,68,43
94062,68,43
94062,68,43
94063,68,25
94063,68,25
94063,68,25
94063,68,25
94063,68,25
94063,68,25
94063,68,25
94063,68,25
94063,68,25
94065,68,29
94065,68,29
94065,68,29
94065,68,29
94065,68,29
94065,68,29
94066,40,50
94066,40,50
94066,40,50
94066,40,50
94066,40,50
94066,40,50
94066,40,50
94066,40,50
94066,40,50
94066,40,50
94066,40,50
94066,40,50
94066,40,50
94066,40,50
94066,40,50
94066,40,50
94066,40,50
94066,40,50
94066,40,50
94066,40,50
94066,40,50
94066,40,50
94070,63,31
94070,63,31
94070,63,31
94070,63,31
94070,63,31
94070,63,31
94070,63,31
94070,63,31
94070,63,31
94070,63,31
94070,63,31
94070,63,31
94070,63,31
94070,63,31
94070,63,31
94070,63,31
94070,63,31
94070,63,31
94070,63,31
94070,63,31
94070,63,31
94070,63,31
94070,63,31
94070,63,31
94070,63,31
94070,63,31
94070,63,31
94070,63,31
94070,63,31
94070,63,31
94070,63,31
94070,63,31
94074,85,63
94080,39,58
94080,39,58
94080,39,58
94080,39,58
94080,39,58
94080,39,58
94080,39,58
94080,39,58
94080,39,58
94080,39,58
94080,39,58
94080,39,58
94080,39,58
94080,39,58
94080,39,58
94080,39,58
94080,39,58
94080,39,58
94080,39,58
94080,39,58
94080,39,58
94080,39,58
94080,39,58
94080,39,58
94080,39,58
94080,39,58
94080,39,58
94080,39,58
94080,39,58
94080,39,58
94080,39,58
94080,39,58
94085,88,29
94085,88,29
94085,88,29
94085,88,29
94085,88,29
94085,88,29
94085,88,29
94085,88,29
94085,88,29
94085,88,29
94085,88,29
94085,88,29
94085,88,29
94085,88,29
94085,88,29
94085,88,29
94085,88,29
94085,88,29
94085,88,29
94086,88,32
94086,88,32
94086,88,32
94086,88,32
94086,88,32
94086,88,32
94086,88,32
94086,88,32
94086,88,32
94086,88,32
94086,88,32
94086,88,32
94086,88,32
94086,88,32
94086,88,32
94086,88,32
94086,88,32
94086,88,32
94087,80,30
94087,80,30
94087,80,30
94087,80,30
94087,80,30
94087,80,30
94087,80,30
94087,80,30
94087,80,30
94087,80,30
94087,80,30
94087,80,30
94087,80,30
94087,80,30
94087,80,30
94087,80,30
94087,80,30
94087,80,30
94087,80,30
94087,80,30
94087,80,30
94087,80,30
94087,80,30
94087,80,30
94087,80,30
94087,80,30
94089,88,29
94089,88,29
94089,88,29
94089,88,29
94089,88,29
94089,88,29
94089,88,29
94089,88,29
94089,88,29
94089,88,29
94089,88,29
94089,88,29
94089,88,29
94089,88,29
94089,88,29
94089,88,29
94089,88,29
94089,88,29
94089,88,29
94089,88,29
94089,88,29
94089,88,29
94089,88,29
94089,88,29
94089,88,29
94089,88,29
94103,8,68
94103,8,68
94103,8,68
94107,16,68
94107,16,68
94107,16,68
94107,16,68
94107,16,68
94107,16,68
94107,16,68
94107,16,68
94107,16,68
94107,16,68
94107,16,68
94107,16,68
94107,16,68
94107,16,68
94108,17,80
94109,13,80
94109,13,80
94109,13,80
94109,13,80
94109,13,80
94109,13,80
94109,13,80
94109,13,80
94109,13,80
94109,13,80
94109,13,80
94109,13,80
94109,13,80
94109,13,80
94109,13,80
94109,13,80
94109,13,80
94109,13,80
94109,13,80
94109,13,80
94110,17,68
94110,17,68
94110,17,68
94110,17,68
94110,17,68
94110,17,68
94110,17,68
94110,17,68
94110,17,68
94110,17,68
94110,17,68
94110,17,68
94110,17,68
94110,17,68
94110,17,68
94110,17,68
94110,17,68
94110,17,68
94110,17,68
94110,17,68
94110,17,68
94110,17,68
94110,17,68
94110,17,68
94110,17,68
94110,17,68
94110,17,68
94110,17,68
94110,17,68
94110,17,68
94110,17,68
94110,17,68
94110,17,68
94110,17,68
94112,30,70
94112,30,70
94112,30,70
94112,30,70
94112,30,70
94112,30,70
94112,30,70
94112,30,70
94112,30,70
94112,30,70
94112,30,70
94112,30,70
94112,30,70
94112,30,70
94112,30,70
94112,30,70
94112,30,70
94112,30,70
94112,30,70
94112,30,70
94112,30,70
94112,30,70
94112,30,70
94112,30,70
94112,30,70
94112,30,70
94112,30,70
94112,30,70
94112,30,70
94112,30,70
94112,30,70
94112,30,70
94112,30,70
94112,30,70
94112,30,70
94112,30,70
94112,30,70
94112,30,70
94112,30,70
94112,30,70
94112,30,70
94112,30,70
94112,30,70
94112,30,70
94112,30,70
94112,30,70
94112,30,70
94112,30,70
94112,30,70
94112,30,70
94112,30,70
94112,30,70
94112,30,70
94112,30,70
94112,30,70
94112,30,70
94112,30,70
94112,30,70
94112,30,70
94112,30,70
94112,30,70
94112,30,70
94112,30,70
94112,30,70
94112,30,70
94112,30,70
94112,30,70
94112,30,70
94112,30,70
94112,30,70
94112,30,70
94112,30,70
94112,30,70
94112,30,70
94112,30,70
94112,30,70
94114,14,78
94114,14,78
94114,14,78
94114,14,78
94114,14,78
94114,14,78
94114,14,78
94114,14,78
94114,14,78
94114,14,78
94114,14,78
94114,14,78
94114,14,78
94114,14,78
94114,14,78
94114,14,78
94114,14,78
94114,14,78
94114,14,78
94114,14,78
94114,14,78
94114,14,78
94114,14,78
94114,14,78
94114,14,78
94114,14,78
94115,17,80
94115,17,80
94115,17,80
94115,17,80
94115,17,80
94115,17,80
94115,17,80
94115,17,80
94115,17,80
94115,17,80
94115,17,80
94116,38,78
94116,38,78
94116,38,78
94116,38,78
94116,38,78
94116,38,78
94116,38,78
94116,38,78
94116,38,78
94116,38,78
94116,38,78
94116,38,78
94116,38,78
94116,38,78
94116,38,78
94116,38,78
94116,38,78
94116,38,78
94116,38,78
94116,38,78
94116,38,78
94116,38,78
94116,38,78
94116,38,78
94116,38,78
94116,38,78
94116,38,78
94116,38,78
94116,38,78
94116,38,78
94116,38,78
94116,38,78
94116,38,78
94116,38,78
94116,38,78
94116,38,78
94116,38,78
94116,38,78
94116,38,78
94116,38,78
94116,38,78
94117,14,80
94117,14,80
94117,14,80
94117,14,80
94117,14,80
94117,14,80
94117,14,80
94117,14,80
94117,14,80
94118,25,85
94118,25,85
94118,25,85
94118,25,85
94118,25,85
94118,25,85
94118,25,85
94118,25,85
94118,25,85
94118,25,85
94118,25,85
94118,25,85
94118,25,85
94118,25,85
94118,25,85
94118,25,85
94118,25,85
94118,25,85
94121,35,80
94121,35,80
94121,35,80
94121,35,80
94121,35,80
94121,35,80
94121,35,80
94121,35,80
94121,35,80
94121,35,80
94121,35,80
94121,35,80
94121,35,80
94121,35,80
94121,35,80
94121,35,80
94121,35,80
94121,35,80
94121,35,80
94121,35,80
94121,35,80
94121,35,80
94121,35,80
94122,28,80
94122,28,80
94122,28,80
94122,28,80
94122,28,80
94122,28,80
94122,28,80
94122,28,80
94122,28,80
94122,28,80
94122,28,80
94122,28,80
94122,28,80
94122,28,80
94122,28,80
94122,28,80
94122,28,80
94122,28,80
94122,28,80
94122,28,80
94122,28,80
94122,28,80
94122,28,80
94122,28,80
94123,25,88
94123,25,88
94123,25,88
94123,25,88
94123,25,88
94123,25,88
94123,25,88
94123,25,88
94123,25,88
94123,25,88
94123,25,88
94123,25,88
94123,25,88
94123,25,88
94123,25,88
94123,25,88
94123,25,88
94124,27,65
94124,27,65
94124,27,65
94124,27,65
94124,27,65
94124,27,65
94124,27,65
94124,27,65
94124,27,65
94124,27,65
94124,27,65
94124,27,65
94124,27,65
94124,27,65
94124,27,65
94124,27,65
94124,27,65
94124,27,65
94124,27,65
94124,27,65
94124,27,65
94124,27,65
94124,27,65
94124,27,65
94124,27,65
94124,27,65
94124,27,65
94124,27,65
94124,27,65
94124,27,65
94124,27,65
94124,27,65
94127,30,72
94127,30,72
94127,30,72
94127,30,72
94127,30,72
94127,30,72
94127,30,72
94127,30,72
94127,30,72
94127,30,72
94127,30,72
94127,30,72
94127,30,72
94127,30,72
94127,30,72
94127,30,72
94127,30,72
94127,30,72
94127,30,72
94127,30,72
94127,30,72
94127,30,72
94131,25,75
94131,25,75
94131,25,75
94131,25,75
94131,25,75
94131,25,75
94131,25,75
94131,25,75
94131,25,75
94131,25,75
94131,25,75
94131,25,75
94131,25,75
94131,25,75
94131,25,75
94131,25,75
94131,25,75
94131,25,75
94131,25,75
94131,25,75
94131,25,75
94131,25,75
94131,25,75
94131,25,75
94131,25,75
94131,25,75
94131,25,75
94131,25,75
94131,25,75
94131,25,75
94131,25,75
94131,25,75
94131,25,75
94131,25,75
94131,25,75
94132,37,68
94132,37,68
94132,37,68
94132,37,68
94132,37,68
94132,37,68
94132,37,68
94132,37,68
94132,37,68
94132,37,68
94133,28,80
94133,28,80
94133,28,80
94134,30,65
94134,30,65
94134,30,65
94134,30,65
94134,30,65
94134,30,65
94134,30,65
94134,30,65
94134,30,65
94134,30,65
94134,30,65
94134,30,65
94134,30,65
94134,30,65
94134,30,65
94134,30,65
94134,30,65
94134,30,65
94134,30,65
94134,30,65
94134,30,65
94134,30,65
94134,30,65
94134,30,65
94134,30,65
94134,30,65
94134,30,65
94134,30,65
94134,30,65
94134,30,65
94134,30,65
94134,30,65
94134,30,65
94134,30,65
94134,30,65
94134,30,65
94134,30,65
94134,30,65
94134,30,65
94134,30,65
94134,30,65
94134,30,65
94134,30,65
94134,30,65
94134,30,65
94134,30,65
94134,30,65
94134,30,65
94134,30,65
94134,30,65
94134,30,65
94134,30,65
94134,30,65
94134,30,65
94134,30,65
94134,30,65
94134,30,65
94134,30,65
94301,78,5
94301,78,5
94301,78,5
94301,78,5
94301,78,5
94301,78,5
94301,78,5
94301,78,5
94301,78,5
94301,78,5
94301,78,5
94301,78,5
94301,78,5
94301,78,5
94301,78,5
94301,78,5
94301,78,5
94301,78,5
94301,78,5
94301,78,5
94301,78,5
94301,78,5
94301,78,5
94301,78,5
94301,78,5
94301,78,5
94301,78,5
94301,78,5
94301,78,5
94301,78,5
94301,78,5
94301,78,5
94301,78,5
94301,78,5
94301,78,5
94301,78,5
94301,78,5
94301,78,5
94301,78,5
94301,78,5
94301,78,5
94301,78,5
94301,78,5
94301,78,5
94301,78,5
94301,78,5
94301,78,5
94301,78,5
94301,78,5
94301,78,5
94301,78,5
94301,78,5
94301,78,5
94301,78,5
94301,78,5
94301,78,5
94301,78,5
94301,78,5
94301,78,5
94301,78,5
94301,78,5
94301,78,5
94303,70,10
94303,70,10
94303,70,10
94303,70,10
94303,70,10
94303,70,10
94303,70,10
94303,70,10
94303,70,10
94303,70,10
94303,70,10
94303,70,10
94303,70,10
94303,70,10
94303,70,10
94303,70,10
94303,70,10
94303,70,10
94303,70,10
94303,70,10
94303,70,10
94303,70,10
94303,70,10
94303,70,10
94303,70,10
94303,70,10
94303,70,10
94303,70,10
94303,70,10
94303,70,10
94303,70,10
94303,70,10
94303,70,10
94303,70,10
94304,62,24
94304,62,24
94304,62,24
94305,62,24
94305,62,24
94306,80,8
94306,80,8
94306,80,8
94306,80,8
94306,80,8
94306,80,8
94306,80,8
94306,80,8
94306,80,8
94306,80,8
94306,80,8
94306,80,8
94306,80,8
94306,80,8
94306,80,8
94401,52,38
94401,52,38
94401,52,38
94401,52,38
94401,52,38
94401,52,38
94401,52,38
94401,52,38
94401,52,38
94401,52,38
94401,52,38
94401,52,38
94401,52,38
94402,52,42
94402,52,42
94402,52,42
94402,52,42
94402,52,42
94402,52,42
94402,52,42
94402,52,42
94402,52,42
94402,52,42
94402,52,42
94402,52,42
94402,52,42
94402,52,42
94402,52,42
94403,68,34
94403,68,34
94403,68,34
94403,68,34
94403,68,34
94403,68,34
94403,68,34
94403,68,34
94403,68,34
94403,68,34
94403,68,34
94403,68,34
94403,68,34
94403,68,34
94403,68,34
94403,68,34
94403,68,34
94403,68,34
94403,68,34
94403,68,34
94403,68,34
94403,68,34
94403,68,34
94403,68,34
94403,68,34
94403,68,34
94403,68,34
94403,68,34
94403,68,34
94403,68,34
94403,68,34
94403,68,34
94403,68,34
94403,68,34
94403,68,34
94403,68,34
94403,68,34
94403,68,34
94403,68,34
94403,68,34
94403,68,34
94403,68,34
94403,68,34
94403,68,34
94403,68,34
94403,68,34
94403,68,34
94403,68,34
94403,68,34
94403,68,34
94403,68,34
94403,68,34
94403,68,34
94403,68,34
94403,68,34
94403,68,34
94403,68,34
94403,68,34
94403,68,34
94403,68,34
94403,68,34
94403,68,34
94403,68,34
94403,68,34
94403,68,34
94403,68,34
94403,68,34
94403,68,34
94403,68,34
94403,68,34
94404,68,42
94404,68,42
94404,68,42
94404,68,42
94404,68,42
94404,68,42
94404,68,42
94404,68,42
94404,68,42
94404,68,42
94501,55,95
94501,55,95
94501,55,95
94501,55,95
94501,55,95
94501,55,95
94501,55,95
94501,55,95
94501,55,95
94501,55,95
94501,55,95
94501,55,95
94501,55,95
94501,55,95
94501,55,95
94501,55,95
94501,55,95
94501,55,95
94501,55,95
94501,55,95
94501,55,95
94501,55,95
94501,55,95
94501,55,95
94501,55,95
94501,55,95
94501,55,95
94501,55,95
94501,55,95
94501,55,95
94501,55,95
94501,55,95
94501,55,95
94501,55,95
94501,55,95
94501,55,95
94501,55,95
94501,55,95
94501,55,95
94501,55,95
94501,55,95
94501,55,95
94501,55,95
94502,68,82
94502,68,82
94502,68,82
94502,68,82
94502,68,82
94502,68,82
94502,68,82
94502,68,82
94502,68,82
94502,68,82
94502,68,82
94502,68,82
94502,68,82
94502,68,82
94502,68,82
94502,68,82
94502,68,82
94502,68,82
94502,68,82
94505,130,140
94505,130,140
94505,130,140
94505,130,140
94505,130,140
94505,130,140
94505,130,140
94505,130,140
94505,130,140
94505,130,140
94505,130,140
94505,130,140
94505,130,140
94505,130,140
94505,130,140
94505,130,140
94505,130,140
94505,130,140
94505,130,140
94505,130,140
94505,130,140
94505,130,140
94505,130,140
94505,130,140
94505,130,140
94505,130,140
94505,130,140
94505,130,140
94505,130,140
94505,130,140
94505,130,140
94505,130,140
94505,130,140
94505,130,140
94505,130,140
94505,130,140
94505,130,140
94505,130,140
94505,130,140
94505,130,140
94505,130,140
94505,130,140
94505,130,140
94505,130,140
94505,130,140
94505,130,140
94505,130,140
94505,130,140
94505,130,140
94505,130,140
94505,130,140
94505,130,140
94505,130,140
94505,130,140
94505,130,140
94505,130,140
94505,130,140
94505,130,140
94505,130,140
94505,130,140
94505,130,140
94505,130,140
94505,130,140
94505,130,140
94505,130,140
94505,130,140
94505,130,140
94505,130,140
94505,130,140
94505,130,140
94505,130,140
94505,130,140
94505,130,140
94505,130,140
94505,130,140
94505,130,140
94505,130,140
94505,130,140
94505,130,140
94505,130,140
94505,130,140
94505,130,140
94506,100,105
94506,100,105
94506,100,105
94506,100,105
94506,100,105
94506,100,105
94506,100,105
94506,100,105
94506,100,105
94506,100,105
94506,100,105
94506,100,105
94506,100,105
94506,100,105
94506,100,105
94506,100,105
94506,100,105
94506,100,105
94506,100,105
94506,100,105
94506,100,105
94506,100,105
94506,100,105
94506,100,105
94506,100,105
94506,100,105
94506,100,105
94506,100,105
94506,100,105
94506,100,105
94506,100,105
94506,100,105
94506,100,105
94506,100,105
94506,100,105
94506,100,105
94506,100,105
94506,100,105
94506,100,105
94506,100,105
94506,100,105
94506,100,105
94506,100,105
94506,100,105
94507,85,110
94507,85,110
94507,85,110
94507,85,110
94507,85,110
94507,85,110
94507,85,110
94507,85,110
94507,85,110
94507,85,110
94507,85,110
94507,85,110
94507,85,110
94507,85,110
94507,85,110
94507,85,110
94507,85,110
94507,85,110
94507,85,110
94507,85,110
94507,85,110
94507,85,110
94507,85,110
94507,85,110
94507,85,110
94507,85,110
94507,85,110
94507,85,110
94507,85,110
94507,85,110
94507,85,110
94507,85,110
94507,85,110
94507,85,110
94507,85,110
94507,85,110
94507,85,110
94507,85,110
94507,85,110
94507,85,110
94507,85,110
94507,85,110
94507,85,110
94507,85,110
94509,130,140
94509,130,140
94509,130,140
94509,130,140
94509,130,140
94509,130,140
94509,130,140
94509,130,140
94509,130,140
94509,130,140
94509,130,140
94509,130,140
94509,130,140
94509,130,140
94509,130,140
94509,130,140
94509,130,140
94509,130,140
94509,130,140
94509,130,140
94509,130,140
94509,130,140
94509,130,140
94509,130,140
94509,130,140
94509,130,140
94509,130,140
94509,130,140
94509,130,140
94509,130,140
94509,130,140
94509,130,140
94509,130,140
94509,130,140
94509,130,140
94509,130,140
94509,130,140
94509,130,140
94509,130,140
94509,130,140
94509,130,140
94509,130,140
94509,130,140
94509,130,140
94510,100,125
94510,100,125
94510,100,125
94510,100,125
94510,100,125
94510,100,125
94510,100,125
94510,100,125
94510,100,125
94510,100,125
94510,100,125
94510,100,125
94510,100,125
94510,100,125
94510,100,125
94510,100,125
94510,100,125
94510,100,125
94510,100,125
94510,100,125
94510,100,125
94510,100,125
94510,100,125
94510,100,125
94510,100,125
94510,100,125
94510,100,125
94510,100,125
94510,100,125
94510,100,125
94510,100,125
94510,100,125
94510,100,125
94510,100,125
94510,100,125
94510,100,125
94510,100,125
94510,100,125
94510,100,125
94510,100,125
94510,100,125
94510,100,125
94510,100,125
94511,130,150
94511,130,150
94511,130,150
94511,130,150
94511,130,150
94513,125,140
94513,125,140
94513,125,140
94513,125,140
94513,125,140
94513,125,140
94513,125,140
94513,125,140
94513,125,140
94513,125,140
94513,125,140
94513,125,140
94513,125,140
94513,125,140
94513,125,140
94513,125,140
94513,125,140
94513,125,140
94513,125,140
94513,125,140
94513,125,140
94513,125,140
94513,125,140
94513,125,140
94513,125,140
94513,125,140
94513,125,140
94513,125,140
94513,125,140
94513,125,140
94513,125,140
94513,125,140
94513,125,140
94513,125,140
94513,125,140
94513,125,140
94513,125,140
94513,125,140
94513,125,140
94514,130,130
94514,130,130
94514,130,130
94517,120,125
94517,120,125
94517,120,125
94517,120,125
94517,120,125
94517,120,125
94517,120,125
94517,120,125
94517,120,125
94517,120,125
94517,120,125
94517,120,125
94517,120,125
94517,120,125
94517,120,125
94517,120,125
94517,120,125
94517,120,125
94517,120,125
94517,120,125
94517,120,125
94517,120,125
94517,120,125
94517,120,125
94517,120,125
94517,120,125
94517,120,125
94517,120,125
94517,120,125
94517,120,125
94517,120,125
94517,120,125
94517,120,125
94517,120,125
94517,120,125
94517,120,125
94517,120,125
94518,95,120
94518,95,120
94518,95,120
94518,95,120
94518,95,120
94518,95,120
94518,95,120
94518,95,120
94518,95,120
94518,95,120
94518,95,120
94518,95,120
94518,95,120
94518,95,120
94518,95,120
94518,95,120
94518,95,120
94518,95,120
94518,95,120
94518,95,120
94518,95,120
94518,95,120
94518,95,120
94518,95,120
94518,95,120
94518,95,120
94518,95,120
94518,95,120
94518,95,120
94518,95,120
94518,95,120
94518,95,120
94518,95,120
94518,95,120
94518,95,120
94518,95,120
94518,95,120
94518,95,120
94518,95,120
94518,95,120
94518,95,120
94518,95,120
94518,95,120
94518,95,120
94519,100,125
94519,100,125
94519,100,125
94519,100,125
94519,100,125
94519,100,125
94519,100,125
94519,100,125
94519,100,125
94519,100,125
94519,100,125
94519,100,125
94519,100,125
94519,100,125
94519,100,125
94519,100,125
94519,100,125
94519,100,125
94519,100,125
94519,100,125
94519,100,125
94519,100,125
94519,100,125
94519,100,125
94519,100,125
94519,100,125
94519,100,125
94519,100,125
94519,100,125
94519,100,125
94519,100,125
94519,100,125
94519,100,125
94519,100,125
94519,100,125
94519,100,125
94519,100,125
94519,100,125
94519,100,125
94519,100,125
94519,100,125
94519,100,125
94520,105,125
94520,105,125
94520,105,125
94520,105,125
94520,105,125
94520,105,125
94520,105,125
94520,105,125
94520,105,125
94520,105,125
94520,105,125
94520,105,125
94520,105,125
94520,105,125
94520,105,125
94520,105,125
94520,105,125
94520,105,125
94520,105,125
94520,105,125
94520,105,125
94520,105,125
94520,105,125
94520,105,125
94520,105,125
94520,105,125
94520,105,125
94520,105,125
94520,105,125
94520,105,125
94520,105,125
94520,105,125
94520,105,125
94520,105,125
94520,105,125
94520,105,125
94520,105,125
94520,105,125
94520,105,125
94520,105,125
94520,105,125
94520,105,125
94520,105,125
94520,105,125
94521,110,130
94521,110,130
94521,110,130
94521,110,130
94521,110,130
94521,110,130
94521,110,130
94521,110,130
94521,110,130
94521,110,130
94521,110,130
94521,110,130
94521,110,130
94521,110,130
94521,110,130
94521,110,130
94521,110,130
94521,110,130
94521,110,130
94521,110,130
94521,110,130
94521,110,130
94521,110,130
94521,110,130
94521,110,130
94521,110,130
94521,110,130
94521,110,130
94521,110,130
94521,110,130
94521,110,130
94521,110,130
94521,110,130
94521,110,130
94521,110,130
94521,110,130
94521,110,130
94521,110,130
94521,110,130
94521,110,130
94521,110,130
94521,110,130
94521,110,130
94521,110,130
94523,90,115
94523,90,115
94523,90,115
94523,90,115
94523,90,115
94523,90,115
94523,90,115
94523,90,115
94523,90,115
94523,90,115
94523,90,115
94523,90,115
94523,90,115
94523,90,115
94523,90,115
94523,90,115
94523,90,115
94523,90,115
94523,90,115
94523,90,115
94523,90,115
94523,90,115
94523,90,115
94523,90,115
94523,90,115
94523,90,115
94523,90,115
94523,90,115
94523,90,115
94523,90,115
94523,90,115
94523,90,115
94523,90,115
94523,90,115
94523,90,115
94523,90,115
94523,90,115
94523,90,115
94523,90,115
94523,90,115
94523,90,115
94523,90,115
94523,90,115
94523,90,115
94525,90,120
94525,90,120
94525,90,120
94525,90,120
94525,90,120
94525,90,120
94525,90,120
94525,90,120
94526,90,95
94526,90,95
94526,90,95
94526,90,95
94526,90,95
94526,90,95
94526,90,95
94526,90,95
94526,90,95
94526,90,95
94526,90,95
94526,90,95
94526,90,95
94526,90,95
94526,90,95
94526,90,95
94526,90,95
94526,90,95
94526,90,95
94526,90,95
94526,90,95
94526,90,95
94526,90,95
94526,90,95
94526,90,95
94526,90,95
94526,90,95
94526,90,95
94526,90,95
94526,90,95
94526,90,95
94526,90,95
94526,90,95
94526,90,95
94526,90,95
94526,90,95
94526,90,95
94526,90,95
94526,90,95
94526,90,95
94526,90,95
94526,90,95
94526,90,95
94526,90,95
94528,90,110
94528,90,110
94528,90,110
94528,90,110
94530,65,107
94530,65,107
94530,65,107
94530,65,107
94530,65,107
94530,65,107
94530,65,107
94530,65,107
94530,65,107
94530,65,107
94530,65,107
94530,65,107
94530,65,107
94530,65,107
94530,65,107
94530,65,107
94530,65,107
94530,65,107
94530,65,107
94530,65,107
94530,65,107
94530,65,107
94530,65,107
94530,65,107
94530,65,107
94530,65,107
94530,65,107
94530,65,107
94530,65,107
94530,65,107
94530,65,107
94530,65,107
94530,65,107
94530,65,107
94530,65,107
94530,65,107
94530,65,107
94531,125,140
94531,125,140
94531,125,140
94531,125,140
94531,125,140
94531,125,140
94531,125,140
94531,125,140
94531,125,140
94531,125,140
94531,125,140
94531,125,140
94531,125,140
94531,125,140
94531,125,140
94531,125,140
94531,125,140
94531,125,140
94531,125,140
94531,125,140
94531,125,140
94531,125,140
94531,125,140
94531,125,140
94531,125,140
94531,125,140
94531,125,140
94531,125,140
94531,125,140
94531,125,140
94531,125,140
94531,125,140
94531,125,140
94531,125,140
94531,125,140
94531,125,140
94531,125,140
94531,125,140
94531,125,140
94531,125,140
94531,125,140
94531,125,140
94531,125,140
94536,95,55
94536,95,55
94536,95,55
94536,95,55
94536,95,55
94536,95,55
94536,95,55
94536,95,55
94536,95,55
94536,95,55
94536,95,55
94536,95,55
94536,95,55
94536,95,55
94536,95,55
94536,95,55
94536,95,55
94536,95,55
94536,95,55
94536,95,55
94536,95,55
94536,95,55
94536,95,55
94536,95,55
94536,95,55
94536,95,55
94536,95,55
94536,95,55
94536,95,55
94536,95,55
94536,95,55
94536,95,55
94536,95,55
94536,95,55
94536,95,55
94536,95,55
94536,95,55
94536,95,55
94536,95,55
94536,95,55
94536,95,55
94536,95,55
94536,95,55
94538,105,55
94538,105,55
94538,105,55
94538,105,55
94538,105,55
94538,105,55
94538,105,55
94538,105,55
94538,105,55
94538,105,55
94538,105,55
94538,105,55
94538,105,55
94538,105,55
94538,105,55
94538,105,55
94538,105,55
94538,105,55
94538,105,55
94538,105,55
94538,105,55
94538,105,55
94538,105,55
94538,105,55
94538,105,55
94538,105,55
94538,105,55
94538,105,55
94538,105,55
94538,105,55
94538,105,55
94538,105,55
94538,105,55
94538,105,55
94538,105,55
94538,105,55
94538,105,55
94538,105,55
94538,105,55
94538,105,55
94538,105,55
94538,105,55
94539,105,65
94539,105,65
94539,105,65
94539,105,65
94539,105,65
94539,105,65
94539,105,65
94539,105,65
94539,105,65
94539,105,65
94539,105,65
94539,105,65
94539,105,65
94539,105,65
94539,105,65
94539,105,65
94539,105,65
94539,105,65
94539,105,65
94539,105,65
94539,105,65
94539,105,65
94539,105,65
94539,105,65
94539,105,65
94539,105,65
94539,105,65
94539,105,65
94539,105,65
94539,105,65
94539,105,65
94539,105,65
94539,105,65
94539,105,65
94539,105,65
94539,105,65
94539,105,65
94539,105,65
94539,105,65
94539,105,65
94539,105,65
94539,105,65
94539,105,65
94541,85,70
94541,85,70
94541,85,70
94541,85,70
94541,85,70
94541,85,70
94541,85,70
94541,85,70
94541,85,70
94541,85,70
94541,85,70
94541,85,70
94541,85,70
94541,85,70
94541,85,70
94541,85,70
94541,85,70
94541,85,70
94541,85,70
94541,85,70
94541,85,70
94541,85,70
94541,85,70
94541,85,70
94541,85,70
94541,85,70
94541,85,70
94541,85,70
94541,85,70
94541,85,70
94541,85,70
94541,85,70
94541,85,70
94541,85,70
94541,85,70
94541,85,70
94541,85,70
94541,85,70
94541,85,70
94541,85,70
94541,85,70
94541,85,70
94541,85,70
94541,85,70
94541,85,70
94541,85,70
94541,85,70
94541,85,70
94541,85,70
94541,85,70
94541,85,70
94541,85,70
94541,85,70
94541,85,70
94541,85,70
94541,85,70
94541,85,70
94541,85,70
94541,85,70
94541,85,70
94541,85,70
94541,85,70
94541,85,70
94541,85,70
94541,85,70
94541,85,70
94541,85,70
94541,85,70
94541,85,70
94541,85,70
94541,85,70
94541,85,70
94541,85,70
94541,85,70
94541,85,70
94541,85,70
94541,85,70
94541,85,70
94541,85,70
94541,85,70
94541,85,70
94541,85,70
94541,85,70
94542,95,75
94542,95,75
94542,95,75
94542,95,75
94542,95,75
94542,95,75
94542,95,75
94542,95,75
94542,95,75
94542,95,75
94542,95,75
94542,95,75
94542,95,75
94542,95,75
94542,95,75
94542,95,75
94542,95,75
94542,95,75
94542,95,75
94542,95,75
94542,95,75
94542,95,75
94542,95,75
94542,95,75
94542,95,75
94542,95,75
94542,95,75
94542,95,75
94542,95,75
94542,95,75
94542,95,75
94542,95,75
94542,95,75
94542,95,75
94542,95,75
94542,95,75
94542,95,75
94542,95,75
94542,95,75
94544,90,60
94544,90,60
94544,90,60
94544,90,60
94544,90,60
94544,90,60
94544,90,60
94544,90,60
94544,90,60
94544,90,60
94544,90,60
94544,90,60
94544,90,60
94544,90,60
94544,90,60
94544,90,60
94544,90,60
94544,90,60
94544,90,60
94544,90,60
94544,90,60
94544,90,60
94544,90,60
94544,90,60
94544,90,60
94544,90,60
94544,90,60
94544,90,60
94544,90,60
94544,90,60
94544,90,60
94544,90,60
94544,90,60
94544,90,60
94544,90,60
94544,90,60
94544,90,60
94544,90,60
94544,90,60
94544,90,60
94544,90,60
94544,90,60
94544,90,60
94544,90,60
94545,95,60
94545,95,60
94545,95,60
94545,95,60
94545,95,60
94545,95,60
94545,95,60
94545,95,60
94545,95,60
94545,95,60
94545,95,60
94545,95,60
94545,95,60
94545,95,60
94545,95,60
94545,95,60
94545,95,60
94545,95,60
94545,95,60
94545,95,60
94545,95,60
94545,95,60
94545,95,60
94545,95,60
94545,95,60
94545,95,60
94545,95,60
94545,95,60
94545,95,60
94545,95,60
94545,95,60
94545,95,60
94545,95,60
94545,95,60
94545,95,60
94545,95,60
94545,95,60
94545,95,60
94546,90,85
94546,90,85
94546,90,85
94546,90,85
94546,90,85
94546,90,85
94546,90,85
94546,90,85
94546,90,85
94546,90,85
94546,90,85
94546,90,85
94546,90,85
94546,90,85
94546,90,85
94546,90,85
94546,90,85
94546,90,85
94546,90,85
94546,90,85
94546,90,85
94546,90,85
94546,90,85
94546,90,85
94546,90,85
94546,90,85
94546,90,85
94546,90,85
94546,90,85
94546,90,85
94546,90,85
94546,90,85
94546,90,85
94546,90,85
94546,90,85
94546,90,85
94546,90,85
94546,90,85
94546,90,85
94546,90,85
94546,90,85
94546,90,85
94547,95,120
94547,95,120
94547,95,120
94547,95,120
94547,95,120
94547,95,120
94547,95,120
94547,95,120
94547,95,120
94547,95,120
94547,95,120
94547,95,120
94547,95,120
94547,95,120
94547,95,120
94547,95,120
94547,95,120
94547,95,120
94547,95,120
94547,95,120
94547,95,120
94547,95,120
94547,95,120
94547,95,120
94547,95,120
94547,95,120
94547,95,120
94547,95,120
94547,95,120
94547,95,120
94547,95,120
94547,95,120
94547,95,120
94547,95,120
94547,95,120
94547,95,120
94547,95,120
94547,95,120
94547,95,120
94547,95,120
94547,95,120
94547,95,120
94548,130,150
94549,75,105
94549,75,105
94549,75,105
94549,75,105
94549,75,105
94549,75,105
94549,75,105
94549,75,105
94549,75,105
94549,75,105
94549,75,105
94549,75,105
94549,75,105
94549,75,105
94549,75,105
94549,75,105
94549,75,105
94549,75,105
94549,75,105
94549,75,105
94549,75,105
94549,75,105
94549,75,105
94549,75,105
94549,75,105
94549,75,105
94549,75,105
94549,75,105
94549,75,105
94549,75,105
94549,75,105
94549,75,105
94549,75,105
94549,75,105
94549,75,105
94549,75,105
94549,75,105
94549,75,105
94549,75,105
94549,75,105
94549,75,105
94549,75,105
94549,75,105
94550,115,110
94550,115,110
94550,115,110
94550,115,110
94550,115,110
94550,115,110
94550,115,110
94550,115,110
94550,115,110
94550,115,110
94550,115,110
94550,115,110
94550,115,110
94550,115,110
94550,115,110
94550,115,110
94550,115,110
94550,115,110
94550,115,110
94550,115,110
94550,115,110
94550,115,110
94550,115,110
94550,115,110
94550,115,110
94550,115,110
94550,115,110
94550,115,110
94550,115,110
94550,115,110
94550,115,110
94550,115,110
94550,115,110
94550,115,110
94550,115,110
94550,115,110
94550,115,110
94550,115,110
94550,115,110
94550,115,110
94550,115,110
94550,115,110
94550,115,110
94550,115,110
94551,105,105
94551,105,105
94551,105,105
94551,105,105
94551,105,105
94551,105,105
94551,105,105
94551,105,105
94551,105,105
94551,105,105
94551,105,105
94551,105,105
94551,105,105
94551,105,105
94551,105,105
94551,105,105
94551,105,105
94551,105,105
94551,105,105
94551,105,105
94551,105,105
94551,105,105
94551,105,105
94551,105,105
94551,105,105
94551,105,105
94551,105,105
94551,105,105
94551,105,105
94551,105,105
94551,105,105
94551,105,105
94551,105,105
94551,105,105
94551,105,105
94551,105,105
94551,105,105
94551,105,105
94551,105,105
94551,105,105
94551,105,105
94551,105,105
94551,105,105
94552,90,85
94552,90,85
94552,90,85
94552,90,85
94552,90,85
94552,90,85
94552,90,85
94552,90,85
94552,90,85
94552,90,85
94552,90,85
94552,90,85
94552,90,85
94552,90,85
94552,90,85
94552,90,85
94552,90,85
94552,90,85
94552,90,85
94552,90,85
94552,90,85
94552,90,85
94552,90,85
94552,90,85
94552,90,85
94552,90,85
94552,90,85
94552,90,85
94552,90,85
94552,90,85
94552,90,85
94553,100,130
94553,100,130
94553,100,130
94553,100,130
94553,100,130
94553,100,130
94553,100,130
94553,100,130
94553,100,130
94553,100,130
94553,100,130
94553,100,130
94553,100,130
94553,100,130
94553,100,130
94553,100,130
94553,100,130
94553,100,130
94553,100,130
94553,100,130
94553,100,130
94553,100,130
94553,100,130
94553,100,130
94553,100,130
94553,100,130
94553,100,130
94553,100,130
94553,100,130
94553,100,130
94553,100,130
94553,100,130
94553,100,130
94553,100,130
94553,100,130
94553,100,130
94553,100,130
94553,100,130
94553,100,130
94553,100,130
94553,100,130
94553,100,130
94553,100,130
94553,100,130
94553,100,130
94553,100,130
94553,100,130
94553,100,130
94553,100,130
94553,100,130
94553,100,130
94553,100,130
94553,100,130
94553,100,130
94553,100,130
94553,100,130
94553,100,130
94553,100,130
94553,100,130
94553,100,130
94553,100,130
94553,100,130
94553,100,130
94553,100,130
94553,100,130
94553,100,130
94553,100,130
94553,100,130
94553,100,130
94553,100,130
94553,100,130
94553,100,130
94553,100,130
94553,100,130
94553,100,130
94553,100,130
94553,100,130
94553,100,130
94553,100,130
94553,100,130
94553,100,130
94553,100,130
94553,100,130
94553,100,130
94553,100,130
94553,100,130
94553,100,130
94553,100,130
94553,100,130
94553,100,130
94553,100,130
94553,100,130
94553,100,130
94553,100,130
94553,100,130
94553,100,130
94553,100,130
94553,100,130
94553,100,130
94553,100,130
94553,100,130
94553,100,130
94553,100,130
94553,100,130
94553,100,130
94553,100,130
94553,100,130
94553,100,130
94553,100,130
94553,100,130
94553,100,130
94553,100,130
94553,100,130
94553,100,130
94553,100,130
94553,100,130
94553,100,130
94553,100,130
94553,100,130
94553,100,130
94553,100,130
94553,100,130
94553,100,130
94553,100,130
94553,100,130
94553,100,130
94553,100,130
94553,100,130
94553,100,130
94553,100,130
94553,100,130
94553,100,130
94555,100,130
94555,90,45
94555,90,45
94555,90,45
94555,90,45
94555,90,45
94555,90,45
94555,90,45
94555,90,45
94555,90,45
94555,90,45
94555,90,45
94555,90,45
94555,90,45
94555,90,45
94555,90,45
94555,90,45
94555,90,45
94555,90,45
94555,90,45
94555,90,45
94555,90,45
94555,90,45
94555,90,45
94555,90,45
94555,90,45
94555,90,45
94555,90,45
94555,90,45
94555,90,45
94555,90,45
94555,90,45
94555,90,45
94555,90,45
94555,90,45
94555,90,45
94555,90,45
94555,90,45
94555,90,45
94555,90,45
94555,90,45
94555,90,45
94555,90,45
94555,90,45
94556,85,90
94556,85,90
94556,85,90
94556,85,90
94556,85,90
94556,85,90
94556,85,90
94556,85,90
94556,85,90
94556,85,90
94556,85,90
94556,85,90
94556,85,90
94556,85,90
94556,85,90
94556,85,90
94556,85,90
94556,85,90
94556,85,90
94556,85,90
94556,85,90
94556,85,90
94556,85,90
94556,85,90
94556,85,90
94556,85,90
94556,85,90
94556,85,90
94556,85,90
94556,85,90
94556,85,90
94556,85,90
94556,85,90
94556,85,90
94556,85,90
94556,85,90
94556,85,90
94556,85,90
94556,85,90
94556,85,90
94560,105,50
94560,105,50
94560,105,50
94560,105,50
94560,105,50
94560,105,50
94560,105,50
94560,105,50
94560,105,50
94560,105,50
94560,105,50
94560,105,50
94560,105,50
94560,105,50
94560,105,50
94560,105,50
94560,105,50
94560,105,50
94560,105,50
94560,105,50
94560,105,50
94560,105,50
94560,105,50
94560,105,50
94560,105,50
94560,105,50
94560,105,50
94560,105,50
94560,105,50
94560,105,50
94560,105,50
94560,105,50
94560,105,50
94560,105,50
94560,105,50
94560,105,50
94560,105,50
94560,105,50
94560,105,50
94560,105,50
94560,105,50
94561,130,150
94561,130,150
94561,130,150
94561,130,150
94561,130,150
94561,130,150
94561,130,150
94561,130,150
94561,130,150
94561,130,150
94561,130,150
94561,130,150
94561,130,150
94561,130,150
94561,130,150
94561,130,150
94561,130,150
94561,130,150
94561,130,150
94561,130,150
94561,130,150
94561,130,150
94561,130,150
94561,130,150
94561,130,150
94561,130,150
94561,130,150
94561,130,150
94561,130,150
94561,130,150
94561,130,150
94561,130,150
94561,130,150
94561,130,150
94561,130,150
94561,130,150
94561,130,150
94561,130,150
94561,130,150
94561,130,150
94561,130,150
94561,130,150
94561,130,150
94561,130,150
94561,130,150
94561,130,150
94561,130,150
94561,130,150
94561,130,150
94561,130,150
94561,130,150
94561,130,150
94561,130,150
94561,130,150
94561,130,150
94561,130,150
94561,130,150
94561,130,150
94561,130,150
94561,130,150
94561,130,150
94561,130,150
94561,130,150
94561,130,150
94561,130,150
94561,130,150
94561,130,150
94561,130,150
94561,130,150
94561,130,150
94561,130,150
94561,130,150
94561,130,150
94561,130,150
94561,130,150
94561,130,150
94561,130,150
94561,130,150
94561,130,150
94561,130,150
94563,55,95
94563,55,95
94563,55,95
94563,55,95
94563,55,95
94563,55,95
94563,55,95
94563,55,95
94563,55,95
94563,55,95
94563,55,95
94563,55,95
94563,55,95
94563,55,95
94563,55,95
94563,55,95
94563,55,95
94563,55,95
94563,55,95
94563,55,95
94563,55,95
94563,55,95
94563,55,95
94563,55,95
94563,55,95
94563,55,95
94563,55,95
94563,55,95
94563,55,95
94563,55,95
94563,55,95
94563,55,95
94563,55,95
94563,55,95
94563,55,95
94563,55,95
94563,55,95
94563,55,95
94563,55,95
94563,55,95
94563,55,95
94563,55,95
94563,55,95
94563,55,95
94563,55,95
94563,55,95
94563,55,95
94563,55,95
94563,55,95
94563,55,95
94563,55,95
94563,55,95
94563,55,95
94563,55,95
94563,55,95
94563,55,95
94563,55,95
94563,55,95
94563,55,95
94563,55,95
94563,55,95
94563,55,95
94563,55,95
94563,55,95
94563,55,95
94563,55,95
94563,55,95
94563,55,95
94563,55,95
94563,55,95
94563,55,95
94563,55,95
94563,55,95
94563,55,95
94563,55,95
94563,55,95
94563,55,95
94563,55,95
94563,55,95
94563,55,95
94563,55,95
94563,55,95
94563,55,95
94563,55,95
94563,55,95
94563,55,95
94563,55,95
94563,55,95
94564,90,120
94564,90,120
94564,90,120
94564,90,120
94564,90,120
94564,90,120
94564,90,120
94564,90,120
94564,90,120
94564,90,120
94564,90,120
94564,90,120
94564,90,120
94564,90,120
94564,90,120
94564,90,120
94564,90,120
94564,90,120
94564,90,120
94564,90,120
94564,90,120
94564,90,120
94564,90,120
94564,90,120
94564,90,120
94564,90,120
94564,90,120
94564,90,120
94564,90,120
94564,90,120
94564,90,120
94564,90,120
94564,90,120
94564,90,120
94564,90,120
94564,90,120
94564,90,120
94564,90,120
94564,90,120
94564,90,120
94564,90,120
94565,115,130
94565,115,130
94565,115,130
94565,115,130
94565,115,130
94565,115,130
94565,115,130
94565,115,130
94565,115,130
94565,115,130
94565,115,130
94565,115,130
94565,115,130
94565,115,130
94565,115,130
94565,115,130
94565,115,130
94565,115,130
94565,115,130
94565,115,130
94565,115,130
94565,115,130
94565,115,130
94565,115,130
94565,115,130
94565,115,130
94565,115,130
94565,115,130
94565,115,130
94565,115,130
94565,115,130
94565,115,130
94565,115,130
94565,115,130
94565,115,130
94565,115,130
94565,115,130
94565,115,130
94565,115,130
94565,115,130
94565,115,130
94565,115,130
94565,115,130
94565,115,130
94565,115,130
94565,115,130
94565,115,130
94565,115,130
94565,115,130
94565,115,130
94565,115,130
94565,115,130
94565,115,130
94565,115,130
94565,115,130
94565,115,130
94565,115,130
94565,115,130
94565,115,130
94565,115,130
94565,115,130
94565,115,130
94565,115,130
94565,115,130
94565,115,130
94565,115,130
94565,115,130
94565,115,130
94565,115,130
94565,115,130
94565,115,130
94565,115,130
94565,115,130
94565,115,130
94565,115,130
94565,115,130
94565,115,130
94565,115,130
94565,115,130
94565,115,130
94565,115,130
94565,115,130
94565,115,130
94565,115,130
94565,115,130
94565,115,130
94565,115,130
94565,115,130
94565,115,130
94565,115,130
94565,115,130
94565,115,130
94565,115,130
94565,115,130
94565,115,130
94565,115,130
94565,115,130
94565,115,130
94565,115,130
94565,115,130
94565,115,130
94565,115,130
94565,115,130
94565,115,130
94565,115,130
94565,115,130
94565,115,130
94565,115,130
94565,115,130
94565,115,130
94565,115,130
94565,115,130
94565,115,130
94565,115,130
94565,115,130
94565,115,130
94565,115,130
94565,115,130
94565,115,130
94565,115,130
94565,115,130
94565,115,130
94565,115,130
94565,115,130
94565,115,130
94565,115,130
94565,115,130
94565,115,130
94565,115,130
94565,115,130
94565,115,130
94566,100,85
94566,100,85
94566,100,85
94566,100,85
94566,100,85
94566,100,85
94566,100,85
94566,100,85
94566,100,85
94566,100,85
94566,100,85
94566,100,85
94566,100,85
94566,100,85
94566,100,85
94566,100,85
94566,100,85
94566,100,85
94566,100,85
94566,100,85
94566,100,85
94566,100,85
94566,100,85
94566,100,85
94566,100,85
94566,100,85
94566,100,85
94566,100,85
94566,100,85
94566,100,85
94566,100,85
94566,100,85
94566,100,85
94566,100,85
94566,100,85
94566,100,85
94566,100,85
94566,100,85
94566,100,85
94566,100,85
94566,100,85
94566,100,85
94566,100,85
94568,95,90
94568,95,90
94568,95,90
94568,95,90
94568,95,90
94568,95,90
94568,95,90
94568,95,90
94568,95,90
94568,95,90
94568,95,90
94568,95,90
94568,95,90
94568,95,90
94568,95,90
94568,95,90
94568,95,90
94568,95,90
94568,95,90
94568,95,90
94568,95,90
94568,95,90
94568,95,90
94568,95,90
94568,95,90
94568,95,90
94568,95,90
94568,95,90
94568,95,90
94568,95,90
94568,95,90
94568,95,90
94568,95,90
94568,95,90
94568,95,90
94568,95,90
94568,95,90
94568,95,90
94568,95,90
94568,95,90
94568,95,90
94568,95,90
94572,95,130
94572,95,130
94572,95,130
94572,95,130
94572,95,130
94572,95,130
94572,95,130
94572,95,130
94572,95,130
94572,95,130
94572,95,130
94572,95,130
94572,95,130
94572,95,130
94572,95,130
94572,95,130
94572,95,130
94572,95,130
94577,75,75
94577,75,75
94577,75,75
94577,75,75
94577,75,75
94577,75,75
94577,75,75
94577,75,75
94577,75,75
94577,75,75
94577,75,75
94577,75,75
94577,75,75
94577,75,75
94577,75,75
94577,75,75
94577,75,75
94577,75,75
94577,75,75
94577,75,75
94577,75,75
94577,75,75
94577,75,75
94577,75,75
94577,75,75
94577,75,75
94577,75,75
94577,75,75
94577,75,75
94577,75,75
94577,75,75
94577,75,75
94577,75,75
94578,85,75
94578,85,75
94578,85,75
94578,85,75
94578,85,75
94578,85,75
94578,85,75
94578,85,75
94578,85,75
94578,85,75
94578,85,75
94578,85,75
94578,85,75
94578,85,75
94578,85,75
94578,85,75
94578,85,75
94578,85,75
94578,85,75
94578,85,75
94578,85,75
94578,85,75
94578,85,75
94578,85,75
94578,85,75
94578,85,75
94578,85,75
94578,85,75
94578,85,75
94578,85,75
94578,85,75
94578,85,75
94579,85,75
94579,85,75
94579,85,75
94579,85,75
94579,85,75
94579,85,75
94579,85,75
94579,85,75
94579,85,75
94579,85,75
94579,85,75
94579,85,75
94579,85,75
94579,85,75
94579,85,75
94579,85,75
94579,85,75
94579,85,75
94579,85,75
94579,85,75
94579,85,75
94580,90,75
94580,90,75
94580,90,75
94580,90,75
94580,90,75
94580,90,75
94580,90,75
94580,90,75
94580,90,75
94580,90,75
94580,90,75
94580,90,75
94580,90,75
94580,90,75
94580,90,75
94580,90,75
94580,90,75
94580,90,75
94580,90,75
94580,90,75
94580,90,75
94580,90,75
94580,90,75
94580,90,75
94580,90,75
94580,90,75
94580,90,75
94580,90,75
94580,90,75
94580,90,75
94580,90,75
94580,90,75
94580,90,75
94580,90,75
94580,90,75
94580,90,75
94582,100,105
94582,100,105
94582,100,105
94582,100,105
94582,100,105
94582,100,105
94582,100,105
94582,100,105
94582,100,105
94582,100,105
94582,100,105
94582,100,105
94582,100,105
94582,100,105
94582,100,105
94582,100,105
94582,100,105
94582,100,105
94582,100,105
94582,100,105
94582,100,105
94582,100,105
94582,100,105
94582,100,105
94582,100,105
94582,100,105
94582,100,105
94582,100,105
94582,100,105
94582,100,105
94582,100,105
94582,100,105
94582,100,105
94582,100,105
94582,100,105
94582,100,105
94582,100,105
94582,100,105
94582,100,105
94582,100,105
94582,100,105
94582,100,105
94582,100,105
94582,100,105
94582,100,105
94582,100,105
94582,100,105
94582,100,105
94582,100,105
94582,100,105
94582,100,105
94582,100,105
94582,100,105
94582,100,105
94582,100,105
94582,100,105
94582,100,105
94582,100,105
94582,100,105
94582,100,105
94582,100,105
94582,100,105
94582,100,105
94582,100,105
94582,100,105
94582,100,105
94582,100,105
94582,100,105
94582,100,105
94582,100,105
94582,100,105
94582,100,105
94582,100,105
94582,100,105
94583,90,90
94583,90,90
94583,90,90
94583,90,90
94583,90,90
94583,90,90
94583,90,90
94583,90,90
94583,90,90
94583,90,90
94583,90,90
94583,90,90
94583,90,90
94583,90,90
94583,90,90
94583,90,90
94583,90,90
94583,90,90
94583,90,90
94583,90,90
94583,90,90
94583,90,90
94583,90,90
94583,90,90
94583,90,90
94583,90,90
94583,90,90
94583,90,90
94583,90,90
94583,90,90
94583,90,90
94583,90,90
94583,90,90
94583,90,90
94583,90,90
94583,90,90
94583,90,90
94583,90,90
94583,90,90
94583,90,90
94583,90,90
94583,90,90
94583,90,90
94583,90,90
94586,110,85
94586,110,85
94586,110,85
94586,110,85
94586,110,85
94586,110,85
94586,110,85
94586,110,85
94587,90,55
94587,90,55
94587,90,55
94587,90,55
94587,90,55
94587,90,55
94587,90,55
94587,90,55
94587,90,55
94587,90,55
94587,90,55
94587,90,55
94587,90,55
94587,90,55
94587,90,55
94587,90,55
94587,90,55
94587,90,55
94587,90,55
94587,90,55
94587,90,55
94587,90,55
94587,90,55
94587,90,55
94587,90,55
94587,90,55
94587,90,55
94587,90,55
94587,90,55
94587,90,55
94587,90,55
94587,90,55
94587,90,55
94587,90,55
94587,90,55
94587,90,55
94587,90,55
94587,90,55
94587,90,55
94587,90,55
94587,90,55
94587,90,55
94587,90,55
94587,90,55
94588,95,85
94588,95,85
94588,95,85
94588,95,85
94588,95,85
94588,95,85
94588,95,85
94588,95,85
94588,95,85
94588,95,85
94588,95,85
94588,95,85
94588,95,85
94588,95,85
94588,95,85
94588,95,85
94588,95,85
94588,95,85
94588,95,85
94588,95,85
94588,95,85
94588,95,85
94588,95,85
94588,95,85
94588,95,85
94588,95,85
94588,95,85
94588,95,85
94588,95,85
94588,95,85
94588,95,85
94588,95,85
94588,95,85
94588,95,85
94588,95,85
94588,95,85
94588,95,85
94588,95,85
94588,95,85
94588,95,85
94588,95,85
94588,95,85
94588,95,85
94588,95,85
94589,98,130
94589,98,130
94589,98,130
94589,98,130
94589,98,130
94589,98,130
94589,98,130
94589,98,130
94589,98,130
94589,98,130
94589,98,130
94589,98,130
94589,98,130
94589,98,130
94589,98,130
94589,98,130
94589,98,130
94589,98,130
94589,98,130
94589,98,130
94589,98,130
94589,98,130
94589,98,130
94589,98,130
94589,98,130
94589,98,130
94589,98,130
94589,98,130
94589,98,130
94589,98,130
94589,98,130
94589,98,130
94589,98,130
94589,98,130
94589,98,130
94589,98,130
94589,98,130
94589,98,130
94589,98,130
94589,98,130
94589,98,130
94589,98,130
94589,98,130
94589,98,130
94589,98,130
94589,98,130
94589,98,130
94589,98,130
94589,98,130
94589,98,130
94589,98,130
94589,98,130
94589,98,130
94589,98,130
94589,98,130
94589,98,130
94590,98,125
94590,98,125
94590,98,125
94590,98,125
94590,98,125
94590,98,125
94590,98,125
94590,98,125
94590,98,125
94590,98,125
94590,98,125
94590,98,125
94590,98,125
94590,98,125
94590,98,125
94590,98,125
94590,98,125
94590,98,125
94590,98,125
94590,98,125
94590,98,125
94590,98,125
94590,98,125
94590,98,125
94590,98,125
94590,98,125
94590,98,125
94590,98,125
94590,98,125
94590,98,125
94590,98,125
94590,98,125
94590,98,125
94590,98,125
94590,98,125
94590,98,125
94590,98,125
94590,98,125
94590,98,125
94590,98,125
94590,98,125
94590,98,125
94590,98,125
94590,98,125
94590,98,125
94590,98,125
94590,98,125
94590,98,125
94590,98,125
94590,98,125
94590,98,125
94590,98,125
94590,98,125
94590,98,125
94590,98,125
94590,98,125
94590,98,125
94590,98,125
94590,98,125
94590,98,125
94590,98,125
94590,98,125
94590,98,125
94590,98,125
94590,98,125
94590,98,125
94590,98,125
94590,98,125
94590,98,125
94590,98,125
94590,98,125
94590,98,125
94590,98,125
94590,98,125
94590,98,125
94590,98,125
94590,98,125
94590,98,125
94590,98,125
94590,98,125
94590,98,125
94590,98,125
94590,98,125
94590,98,125
94590,98,125
94590,98,125
94590,98,125
94590,98,125
94591,100,130
94591,100,130
94591,100,130
94591,100,130
94591,100,130
94591,100,130
94591,100,130
94591,100,130
94591,100,130
94591,100,130
94591,100,130
94591,100,130
94591,100,130
94591,100,130
94591,100,130
94591,100,130
94591,100,130
94591,100,130
94591,100,130
94591,100,130
94591,100,130
94591,100,130
94591,100,130
94591,100,130
94591,100,130
94591,100,130
94591,100,130
94591,100,130
94591,100,130
94591,100,130
94591,100,130
94591,100,130
94591,100,130
94591,100,130
94591,100,130
94591,100,130
94591,100,130
94591,100,130
94591,100,130
94591,100,130
94591,100,130
94591,100,130
94591,100,130
94591,100,130
94591,100,130
94591,100,130
94591,100,130
94591,100,130
94591,100,130
94591,100,130
94591,100,130
94591,100,130
94591,100,130
94591,100,130
94591,100,130
94591,100,130
94591,100,130
94591,100,130
94591,100,130
94591,100,130
94591,100,130
94591,100,130
94591,100,130
94591,100,130
94591,100,130
94591,100,130
94591,100,130
94591,100,130
94591,100,130
94591,100,130
94591,100,130
94591,100,130
94591,100,130
94591,100,130
94591,100,130
94591,100,130
94592,100,130
94592,100,130
94592,100,130
94595,85,110
94595,85,110
94595,85,110
94595,85,110
94595,85,110
94595,85,110
94595,85,110
94595,85,110
94595,85,110
94595,85,110
94595,85,110
94595,85,110
94595,85,110
94595,85,110
94595,85,110
94595,85,110
94595,85,110
94595,85,110
94596,85,110
94596,85,110
94596,85,110
94596,85,110
94596,85,110
94596,85,110
94596,85,110
94596,85,110
94596,85,110
94596,85,110
94596,85,110
94596,85,110
94596,85,110
94596,85,110
94596,85,110
94596,85,110
94596,85,110
94596,85,110
94596,85,110
94596,85,110
94596,85,110
94596,85,110
94596,85,110
94596,85,110
94597,85,110
94597,85,110
94597,85,110
94597,85,110
94597,85,110
94597,85,110
94597,85,110
94597,85,110
94597,85,110
94597,85,110
94597,85,110
94597,85,110
94597,85,110
94597,85,110
94597,85,110
94597,85,110
94597,85,110
94597,85,110
94597,85,110
94597,85,110
94597,85,110
94597,85,110
94597,85,110
94597,85,110
94597,85,110
94597,85,110
94597,85,110
94597,85,110
94597,85,110
94597,85,110
94597,85,110
94597,85,110
94597,85,110
94597,85,110
94597,85,110
94597,85,110
94597,85,110
94597,85,110
94597,85,110
94597,85,110
94597,85,110
94597,85,110
94597,85,110
94597,85,110
94597,85,110
94597,85,110
94597,85,110
94597,85,110
94597,85,110
94597,85,110
94597,85,110
94597,85,110
94597,85,110
94597,85,110
94597,85,110
94597,85,110
94597,85,110
94597,85,110
94597,85,110
94597,85,110
94598,100,140
94598,100,140
94598,100,140
94598,100,140
94598,100,140
94598,100,140
94598,100,140
94598,100,140
94598,100,140
94598,100,140
94598,100,140
94598,100,140
94598,100,140
94598,100,140
94598,100,140
94598,100,140
94598,100,140
94598,100,140
94598,100,140
94598,100,140
94598,100,140
94598,100,140
94598,100,140
94598,100,140
94598,100,140
94598,100,140
94598,100,140
94598,100,140
94598,100,140
94598,100,140
94598,100,140
94598,100,140
94598,100,140
94598,100,140
94598,100,140
94598,100,140
94598,100,140
94598,100,140
94598,100,140
94598,100,140
94598,100,140
94598,100,140
94598,100,140
94598,100,140
94601,52,80
94601,52,80
94601,52,80
94601,52,80
94601,52,80
94601,52,80
94601,52,80
94601,52,80
94601,52,80
94601,52,80
94601,52,80
94601,52,80
94601,52,80
94601,52,80
94601,52,80
94601,52,80
94601,52,80
94601,52,80
94601,52,80
94601,52,80
94601,52,80
94601,52,80
94601,52,80
94601,52,80
94601,52,80
94601,52,80
94601,52,80
94601,52,80
94601,52,80
94601,52,80
94601,52,80
94601,52,80
94601,52,80
94601,52,80
94601,52,80
94601,52,80
94601,52,80
94601,52,80
94601,52,80
94601,52,80
94601,52,80
94601,52,80
94601,52,80
94602,58,85
94602,58,85
94602,58,85
94602,58,85
94602,58,85
94602,58,85
94602,58,85
94602,58,85
94602,58,85
94602,58,85
94602,58,85
94602,58,85
94602,58,85
94602,58,85
94602,58,85
94602,58,85
94602,58,85
94602,58,85
94602,58,85
94602,58,85
94602,58,85
94602,58,85
94602,58,85
94602,58,85
94602,58,85
94602,58,85
94602,58,85
94602,58,85
94602,58,85
94602,58,85
94602,58,85
94602,58,85
94602,58,85
94602,58,85
94602,58,85
94602,58,85
94602,58,85
94602,58,85
94602,58,85
94602,58,85
94602,58,85
94602,58,85
94602,58,85
94602,58,85
94602,58,85
94602,58,85
94602,58,85
94602,58,85
94602,58,85
94602,58,85
94602,58,85
94602,58,85
94602,58,85
94602,58,85
94602,58,85
94602,58,85
94602,58,85
94602,58,85
94602,58,85
94602,58,85
94602,58,85
94602,58,85
94602,58,85
94602,58,85
94602,58,85
94602,58,85
94602,58,85
94602,58,85
94602,58,85
94602,58,85
94602,58,85
94602,58,85
94602,58,85
94602,58,85
94602,58,85
94602,58,85
94602,58,85
94602,58,85
94602,58,85
94602,58,85
94602,58,85
94602,58,85
94602,58,85
94602,58,85
94602,58,85
94602,58,85
94602,58,85
94602,58,85
94603,68,75
94603,68,75
94603,68,75
94603,68,75
94603,68,75
94603,68,75
94603,68,75
94603,68,75
94603,68,75
94603,68,75
94603,68,75
94603,68,75
94603,68,75
94603,68,75
94603,68,75
94603,68,75
94603,68,75
94603,68,75
94603,68,75
94603,68,75
94603,68,75
94603,68,75
94603,68,75
94603,68,75
94603,68,75
94603,68,75
94603,68,75
94603,68,75
94603,68,75
94603,68,75
94603,68,75
94603,68,75
94603,68,75
94603,68,75
94603,68,75
94603,68,75
94603,68,75
94603,68,75
94603,68,75
94603,68,75
94603,68,75
94603,68,75
94603,68,75
94603,68,75
94605,75,78
94605,75,78
94605,75,78
94605,75,78
94605,75,78
94605,75,78
94605,75,78
94605,75,78
94605,75,78
94605,75,78
94605,75,78
94605,75,78
94605,75,78
94605,75,78
94605,75,78
94605,75,78
94605,75,78
94605,75,78
94605,75,78
94605,75,78
94605,75,78
94605,75,78
94605,75,78
94605,75,78
94605,75,78
94605,75,78
94605,75,78
94605,75,78
94605,75,78
94605,75,78
94605,75,78
94605,75,78
94605,75,78
94605,75,78
94605,75,78
94605,75,78
94605,75,78
94605,75,78
94605,75,78
94605,75,78
94605,75,78
94605,75,78
94605,75,78
94605,75,78
94606,58,85
94606,58,85
94606,58,85
94606,58,85
94606,58,85
94606,58,85
94606,58,85
94606,58,85
94606,58,85
94606,58,85
94606,58,85
94606,58,85
94606,58,85
94606,58,85
94606,58,85
94606,58,85
94606,58,85
94606,58,85
94606,58,85
94606,58,85
94606,58,85
94607,40,85
94607,40,85
94607,40,85
94607,40,85
94607,40,85
94607,40,85
94607,40,85
94607,40,85
94607,40,85
94607,40,85
94607,40,85
94607,40,85
94607,40,85
94607,40,85
94607,40,85
94607,40,85
94607,40,85
94607,40,85
94607,40,85
94607,40,85
94607,40,85
94607,40,85
94607,40,85
94607,40,85
94608,48,93
94608,48,93
94608,48,93
94608,48,93
94608,48,93
94608,48,93
94608,48,93
94608,48,93
94608,48,93
94608,48,93
94608,48,93
94608,48,93
94608,48,93
94608,48,93
94608,48,93
94608,48,93
94608,48,93
94608,48,93
94608,48,93
94608,48,93
94608,48,93
94608,48,93
94608,48,93
94608,48,93
94608,48,93
94608,48,93
94608,48,93
94608,48,93
94608,48,93
94608,48,93
94608,48,93
94608,48,93
94608,48,93
94608,48,93
94608,48,93
94608,48,93
94608,48,93
94609,52,85
94609,52,85
94609,52,85
94609,52,85
94609,52,85
94609,52,85
94609,52,85
94609,52,85
94609,52,85
94609,52,85
94609,52,85
94609,52,85
94609,52,85
94609,52,85
94609,52,85
94609,52,85
94609,52,85
94609,52,85
94609,52,85
94610,55,85
94610,55,85
94610,55,85
94610,55,85
94610,55,85
94610,55,85
94610,55,85
94610,55,85
94610,55,85
94610,55,85
94610,55,85
94610,55,85
94610,55,85
94610,55,85
94610,55,85
94610,55,85
94610,55,85
94610,55,85
94610,55,85
94610,55,85
94610,55,85
94611,62,85
94611,62,85
94611,62,85
94611,62,85
94611,62,85
94611,62,85
94611,62,85
94611,62,85
94611,62,85
94611,62,85
94611,62,85
94611,62,85
94611,62,85
94611,62,85
94611,62,85
94611,62,85
94611,62,85
94611,62,85
94611,62,85
94611,62,85
94611,62,85
94611,62,85
94611,62,85
94611,62,85
94611,62,85
94611,62,85
94611,62,85
94611,62,85
94611,62,85
94611,62,85
94611,62,85
94611,62,85
94611,62,85
94611,62,85
94611,62,85
94611,62,85
94611,62,85
94611,62,85
94611,62,85
94611,62,85
94611,62,85
94611,62,85
94611,62,85
94611,62,85
94611,62,85
94611,62,85
94611,62,85
94611,62,85
94611,62,85
94611,62,85
94611,62,85
94611,62,85
94611,62,85
94611,62,85
94611,62,85
94611,62,85
94611,62,85
94611,62,85
94611,62,85
94611,62,85
94611,62,85
94611,62,85
94611,62,85
94611,62,85
94611,62,85
94611,62,85
94611,62,85
94611,62,85
94611,62,85
94611,62,85
94611,62,85
94611,62,85
94611,62,85
94611,62,85
94611,62,85
94611,62,85
94611,62,85
94611,62,85
94611,62,85
94611,62,85
94611,62,85
94611,62,85
94611,62,85
94611,62,85
94612,52,85
94618,55,85
94618,55,85
94618,55,85
94618,55,85
94618,55,85
94618,55,85
94618,55,85
94618,55,85
94618,55,85
94618,55,85
94618,55,85
94619,75,85
94619,75,85
94619,75,85
94619,75,85
94619,75,85
94619,75,85
94619,75,85
94619,75,85
94619,75,85
94619,75,85
94619,75,85
94619,75,85
94619,75,85
94619,75,85
94619,75,85
94619,75,85
94619,75,85
94619,75,85
94619,75,85
94619,75,85
94619,75,85
94619,75,85
94619,75,85
94619,75,85
94619,75,85
94619,75,85
94619,75,85
94619,75,85
94619,75,85
94619,75,85
94619,75,85
94619,75,85
94619,75,85
94619,75,85
94619,75,85
94619,75,85
94619,75,85
94619,75,85
94619,75,85
94621,67,77
94621,67,77
94621,67,77
94621,67,77
94621,67,77
94621,67,77
94621,67,77
94621,67,77
94621,67,77
94621,67,77
94621,67,77
94621,67,77
94621,67,77
94621,67,77
94621,67,77
94621,67,77
94621,67,77
94621,67,77
94621,67,77
94621,67,77
94621,67,77
94621,67,77
94621,67,77
94621,67,77
94621,67,77
94621,67,77
94621,67,77
94621,67,77
94621,67,77
94621,67,77
94621,67,77
94621,67,77
94621,67,77
94621,67,77
94621,67,77
94621,67,77
94621,67,77
94621,67,77
94621,67,77
94621,67,77
94621,67,77
94621,67,77
94621,67,77
94702,52,90
94702,52,90
94702,52,90
94702,52,90
94702,52,90
94702,52,90
94702,52,90
94702,52,90
94702,52,90
94702,52,90
94702,52,90
94702,52,90
94702,52,90
94702,52,90
94702,52,90
94702,52,90
94702,52,90
94702,52,90
94702,52,90
94702,52,90
94702,52,90
94702,52,90
94702,52,90
94702,52,90
94702,52,90
94703,48,90
94703,48,90
94703,48,90
94703,48,90
94703,48,90
94703,48,90
94703,48,90
94703,48,90
94703,48,90
94703,48,90
94703,48,90
94703,48,90
94703,48,90
94703,48,90
94703,48,90
94704,58,92
94704,58,92
94704,58,92
94704,58,92
94705,58,92
94705,58,92
94705,58,92
94705,58,92
94705,58,92
94705,58,92
94705,58,92
94705,58,92
94705,58,92
94705,58,92
94705,58,92
94705,58,92
94705,58,92
94705,58,92
94705,58,92
94705,58,92
94705,58,92
94705,58,92
94705,58,92
94705,58,92
94705,58,92
94705,58,92
94705,58,92
94705,58,92
94705,58,92
94705,58,92
94705,58,92
94705,58,92
94705,58,92
94705,58,92
94705,58,92
94705,58,92
94705,58,92
94705,58,92
94705,58,92
94705,58,92
94705,58,92
94705,58,92
94705,58,92
94705,58,92
94705,58,92
94705,58,92
94705,58,92
94705,58,92
94705,58,92
94705,58,92
94705,58,92
94705,58,92
94705,58,92
94706,55,100
94706,55,100
94706,55,100
94706,55,100
94706,55,100
94706,55,100
94706,55,100
94706,55,100
94706,55,100
94706,55,100
94706,55,100
94706,55,100
94706,55,100
94706,55,100
94706,55,100
94706,55,100
94706,55,100
94706,55,100
94706,55,100
94706,55,100
94706,55,100
94706,55,100
94706,55,100
94706,55,100
94706,55,100
94706,55,100
94706,55,100
94707,63,105
94707,63,105
94707,63,105
94707,63,105
94707,63,105
94707,63,105
94707,63,105
94707,63,105
94707,63,105
94707,63,105
94707,63,105
94707,63,105
94707,63,105
94707,63,105
94708,67,97
94708,67,97
94708,67,97
94708,67,97
94708,67,97
94708,67,97
94708,67,97
94708,67,97
94708,67,97
94708,67,97
94708,67,97
94708,67,97
94708,67,97
94708,67,97
94709,67,97
94710,47,92
94710,47,92
94710,47,92
94710,47,92
94801,75,115
94801,75,115
94801,75,115
94801,75,115
94801,75,115
94801,75,115
94801,75,115
94801,75,115
94801,75,115
94801,75,115
94801,75,115
94801,75,115
94801,75,115
94801,75,115
94801,75,115
94801,75,115
94801,75,115
94801,75,115
94801,75,115
94801,75,115
94801,75,115
94801,75,115
94801,75,115
94801,75,115
94801,75,115
94801,75,115
94801,75,115
94801,75,115
94801,75,115
94801,75,115
94801,75,115
94801,75,115
94801,75,115
94801,75,115
94801,75,115
94801,75,115
94801,75,115
94801,75,115
94801,75,115
94801,75,115
94801,75,115
94801,75,115
94801,75,115
94803,85,110
94803,85,110
94803,85,110
94803,85,110
94803,85,110
94803,85,110
94803,85,110
94803,85,110
94803,85,110
94803,85,110
94803,85,110
94803,85,110
94803,85,110
94803,85,110
94803,85,110
94803,85,110
94803,85,110
94803,85,110
94803,85,110
94803,85,110
94803,85,110
94803,85,110
94803,85,110
94803,85,110
94803,85,110
94803,85,110
94803,85,110
94803,85,110
94803,85,110
94803,85,110
94803,85,110
94803,85,110
94803,85,110
94803,85,110
94803,85,110
94803,85,110
94803,85,110
94803,85,110
94803,85,110
94803,85,110
94803,85,110
94803,85,110
94804,77,115
94804,77,115
94804,77,115
94804,77,115
94804,77,115
94804,77,115
94804,77,115
94804,77,115
94804,77,115
94804,77,115
94804,77,115
94804,77,115
94804,77,115
94804,77,115
94804,77,115
94804,77,115
94804,77,115
94804,77,115
94804,77,115
94804,77,115
94804,77,115
94804,77,115
94804,77,115
94804,77,115
94804,77,115
94804,77,115
94804,77,115
94804,77,115
94804,77,115
94804,77,115
94804,77,115
94804,77,115
94804,77,115
94804,77,115
94804,77,115
94804,77,115
94804,77,115
94804,77,115
94804,77,115
94804,77,115
94805,72,115
94805,72,115
94805,72,115
94805,72,115
94805,72,115
94805,72,115
94805,72,115
94805,72,115
94805,72,115
94805,72,115
94805,72,115
94805,72,115
94805,72,115
94805,72,115
94805,72,115
94805,72,115
94805,72,115
94805,72,115
94805,72,115
94805,72,115
94805,72,115
94805,72,115
94805,72,115
94805,72,115
94805,72,115
94805,72,115
94805,72,115
94805,72,115
94805,72,115
94806,90,120
94806,90,120
94806,90,120
94806,90,120
94806,90,120
94806,90,120
94806,90,120
94806,90,120
94806,90,120
94806,90,120
94806,90,120
94806,90,120
94806,90,120
94806,90,120
94806,90,120
94806,90,120
94806,90,120
94806,90,120
94806,90,120
94806,90,120
94806,90,120
94806,90,120
94806,90,120
94806,90,120
94806,90,120
94806,90,120
94806,90,120
94806,90,120
94806,90,120
94806,90,120
94806,90,120
94806,90,120
94806,90,120
94806,90,120
94806,90,120
94806,90,120
94806,90,120
94806,90,120
94806,90,120
94806,90,120
94806,90,120
94806,90,120
94806,90,120
94806,90,120
94806,90,120
94806,90,120
94806,90,120
94806,90,120
94806,90,120
94806,90,120
94806,90,120
94806,90,120
94806,90,120
94806,90,120
94806,90,120
94806,90,120
94806,90,120
94806,90,120
94806,90,120
94806,90,120
94806,90,120
94806,90,120
94806,90,120
94806,90,120
94806,90,120
94806,90,120
94806,90,120
94806,90,120
94806,90,120
94806,90,120
94806,90,120
94806,90,120
94806,90,120
94806,90,120
94806,90,120
94806,90,120
94806,90,120
94806,90,120
94806,90,120
94806,90,120
94806,90,120
94806,90,120
94806,90,120
94806,90,120
94806,90,120
94806,90,120
94806,90,120
94806,90,120
94901,57,105
94901,57,105
94901,57,105
94901,57,105
94901,57,105
94901,57,105
94901,57,105
94901,57,105
94901,57,105
94901,57,105
94901,57,105
94901,57,105
94901,57,105
94901,57,105
94901,57,105
94901,57,105
94901,57,105
94901,57,105
94901,57,105
94901,57,105
94901,57,105
94901,57,105
94901,57,105
94901,57,105
94901,57,105
94901,57,105
94901,57,105
94901,57,105
94901,57,105
94901,57,105
94901,57,105
94901,57,105
94901,57,105
94901,57,105
94901,57,105
94901,57,105
94901,57,105
94901,57,105
94901,57,105
94901,57,105
94901,57,105
94901,57,105
94901,57,105
94901,57,105
94903,60,108
94903,60,108
94903,60,108
94903,60,108
94903,60,108
94903,60,108
94903,60,108
94903,60,108
94903,60,108
94903,60,108
94903,60,108
94903,60,108
94903,60,108
94903,60,108
94903,60,108
94903,60,108
94903,60,108
94903,60,108
94903,60,108
94903,60,108
94903,60,108
94903,60,108
94903,60,108
94903,60,108
94903,60,108
94903,60,108
94903,60,108
94903,60,108
94903,60,108
94903,60,108
94903,60,108
94903,60,108
94903,60,108
94903,60,108
94903,60,108
94903,60,108
94903,60,108
94903,60,108
94903,60,108
94903,60,108
94903,60,108
94903,60,108
94903,60,108
94903,60,108
94904,72,115
94904,72,115
94904,72,115
94904,72,115
94904,72,115
94904,72,115
94904,72,115
94904,72,115
94904,72,115
94904,72,115
94904,72,115
94904,72,115
94904,72,115
94904,72,115
94904,72,115
94904,72,115
94904,72,115
94904,72,115
94904,72,115
94904,72,115
94904,72,115
94904,72,115
94904,72,115
94904,72,115
94904,72,115
94920,58,105
94920,58,105
94920,58,105
94920,58,105
94920,58,105
94920,58,105
94920,58,105
94920,58,105
94920,58,105
94920,58,105
94920,58,105
94920,58,105
94920,58,105
94920,58,105
94920,58,105
94920,58,105
94920,58,105
94920,58,105
94920,58,105
94920,58,105
94920,58,105
94920,58,105
94920,58,105
94920,58,105
94920,58,105
94920,58,105
94920,58,105
94920,58,105
94920,58,105
94920,58,105
94920,58,105
94920,58,105
94920,58,105
94920,58,105
94920,58,105
94920,58,105
94920,58,105
94920,58,105
94920,58,105
94920,58,105
94920,58,105
94920,58,105
94920,58,105
94920,58,105
94920,58,105
94920,58,105
94920,58,105
94920,58,105
94920,58,105
94920,58,105
94920,58,105
94920,58,105
94920,58,105
94920,58,105
94920,58,105
94920,58,105
94920,58,105
94920,58,105
94920,58,105
94920,58,105
94920,58,105
94920,58,105
94920,58,105
94920,58,105
94920,58,105
94920,58,105
94920,58,105
94920,58,105
94920,58,105
94920,58,105
94920,58,105
94920,58,105
94920,58,105
94920,58,105
94920,58,105
94920,58,105
94920,58,105
94920,58,105
94920,58,105
94920,58,105
94920,58,105
94920,58,105
94920,58,105
94920,58,105
94924,82,120
94924,82,120
94924,82,120
94924,82,120
94924,82,120
94924,82,120
94925,48,97
94925,48,97
94925,48,97
94925,48,97
94925,48,97
94925,48,97
94925,48,97
94925,48,97
94925,48,97
94925,48,97
94925,48,97
94925,48,97
94925,48,97
94925,48,97
94925,48,97
94925,48,97
94925,48,97
94925,48,97
94925,48,97
94925,48,97
94930,65,105
94930,65,105
94930,65,105
94930,65,105
94930,65,105
94930,65,105
94930,65,105
94930,65,105
94930,65,105
94930,65,105
94930,65,105
94930,65,105
94930,65,105
94930,65,105
94930,65,105
94930,65,105
94930,65,105
94930,65,105
94930,65,105
94930,65,105
94930,65,105
94930,65,105
94933,88,130
94933,88,130
94938,85,135
94938,85,135
94939,53,100
94939,53,100
94939,53,100
94939,53,100
94939,53,100
94939,53,100
94939,53,100
94939,53,100
94939,53,100
94939,53,100
94939,53,100
94939,53,100
94939,53,100
94939,53,100
94941,58,100
94941,58,100
94941,58,100
94941,58,100
94941,58,100
94941,58,100
94941,58,100
94941,58,100
94941,58,100
94941,58,100
94941,58,100
94941,58,100
94941,58,100
94941,58,100
94941,58,100
94941,58,100
94941,58,100
94941,58,100
94941,58,100
94941,58,100
94941,58,100
94941,58,100
94941,58,100
94941,58,100
94941,58,100
94941,58,100
94941,58,100
94941,58,100
94941,58,100
94941,58,100
94941,58,100
94941,58,100
94941,58,100
94941,58,100
94941,58,100
94941,58,100
94941,58,100
94941,58,100
94941,58,100
94941,58,100
94941,58,100
94941,58,100
94941,58,100
94941,58,100
94945,85,130
94945,85,130
94945,85,130
94945,85,130
94945,85,130
94945,85,130
94945,85,130
94945,85,130
94945,85,130
94945,85,130
94945,85,130
94945,85,130
94945,85,130
94945,85,130
94945,85,130
94945,85,130
94945,85,130
94945,85,130
94945,85,130
94945,85,130
94945,85,130
94945,85,130
94945,85,130
94945,85,130
94945,85,130
94945,85,130
94945,85,130
94945,85,130
94945,85,130
94945,85,130
94945,85,130
94945,85,130
94945,85,130
94945,85,130
94945,85,130
94946,80,120
94946,80,120
94946,80,120
94947,87,130
94947,87,130
94947,87,130
94947,87,130
94947,87,130
94947,87,130
94947,87,130
94947,87,130
94947,87,130
94947,87,130
94947,87,130
94947,87,130
94947,87,130
94947,87,130
94947,87,130
94947,87,130
94947,87,130
94947,87,130
94947,87,130
94947,87,130
94947,87,130
94947,87,130
94947,87,130
94947,87,130
94947,87,130
94947,87,130
94947,87,130
94947,87,130
94947,87,130
94947,87,130
94947,87,130
94947,87,130
94947,87,130
94947,87,130
94947,87,130
94947,87,130
94947,87,130
94947,87,130
94947,87,130
94947,87,130
94947,87,130
94947,87,130
94947,87,130
94947,87,130
94949,82,145
94949,82,145
94949,82,145
94949,82,145
94949,82,145
94949,82,145
94949,82,145
94949,82,145
94949,82,145
94949,82,145
94949,82,145
94949,82,145
94949,82,145
94949,82,145
94949,82,145
94949,82,145
94949,82,145
94949,82,145
94949,82,145
94949,82,145
94949,82,145
94949,82,145
94949,82,145
94949,82,145
94949,82,145
94949,82,145
94949,82,145
94949,82,145
94949,82,145
94949,82,145
94949,82,145
94949,82,145
94949,82,145
94949,82,145
94949,82,145
94949,82,145
94949,82,145
94949,82,145
94949,82,145
94949,82,145
94949,82,145
94949,82,145
94949,82,145
94949,82,145
94957,62,105
94957,62,105
94957,62,105
94957,62,105
94957,62,105
94957,62,105
94957,62,105
94957,62,105
94957,62,105
94960,65,107
94960,65,107
94960,65,107
94960,65,107
94960,65,107
94960,65,107
94960,65,107
94960,65,107
94960,65,107
94960,65,107
94960,65,107
94960,65,107
94960,65,107
94960,65,107
94960,65,107
94960,65,107
94960,65,107
94960,65,107
94960,65,107
94960,65,107
94960,65,107
94960,65,107
94960,65,107
94960,65,107
94960,65,107
94960,65,107
94960,65,107
94960,65,107
94960,65,107
94960,65,107
94960,65,107
94960,65,107
94960,65,107
94960,65,107
94960,65,107
94960,65,107
94960,65,107
94960,65,107
94960,65,107
94963,78,120
94965,40,90
94965,40,90
94965,40,90
94965,40,90
94965,40,90
94965,40,90
94965,40,90
94965,40,90
94965,40,90
94965,40,90
94965,40,90
94965,40,90
94965,40,90
94965,40,90
94965,40,90
94965,40,90
94965,40,90
94965,40,90
94965,40,90
94965,40,90
94965,40,90
94965,40,90
94970,97,145
94970,97,145
94970,97,145
94970,97,145
94970,97,145
94970,97,145
94970,97,145
94970,97,145
94970,97,145
94970,97,145
94970,97,145
94970,97,145
94973,80,120
94973,80,120
94973,80,120
94973,80,120
94973,80,120
94973,80,120
95006,120,97
95006,120,97
95006,120,97
95006,120,97
95006,120,97
95006,120,97
95006,120,97
95006,120,97
95006,120,97
95006,120,97
95006,120,97
95006,120,97
95006,120,97
95006,120,97
95006,120,97
95006,120,97
95006,120,97
95006,120,97
95006,120,97
95006,120,97
95008,100,55
95008,100,55
95008,100,55
95008,100,55
95008,100,55
95008,100,55
95008,100,55
95008,100,55
95008,100,55
95008,100,55
95008,100,55
95008,100,55
95008,100,55
95008,100,55
95008,100,55
95008,100,55
95008,100,55
95008,100,55
95008,100,55
95008,100,55
95008,100,55
95008,100,55
95008,100,55
95008,100,55
95008,100,55
95008,100,55
95008,100,55
95008,100,55
95008,100,55
95008,100,55
95008,100,55
95008,100,55
95008,100,55
95008,100,55
95008,100,55
95008,100,55
95008,100,55
95008,100,55
95008,100,55
95008,100,55
95008,100,55
95008,100,55
95014,75,33
95014,75,33
95014,75,33
95014,75,33
95014,75,33
95014,75,33
95014,75,33
95014,75,33
95014,75,33
95014,75,33
95014,75,33
95014,75,33
95014,75,33
95014,75,33
95014,75,33
95014,75,33
95014,75,33
95014,75,33
95014,75,33
95014,75,33
95014,75,33
95014,75,33
95014,75,33
95014,75,33
95014,75,33
95014,75,33
95014,75,33
95014,75,33
95014,75,33
95014,75,33
95014,75,33
95014,75,33
95014,75,33
95014,75,33
95014,75,33
95014,75,33
95014,75,33
95014,75,33
95014,75,33
95014,75,33
95014,75,33
95014,75,33
95014,75,33
95030,100,57
95030,100,57
95030,100,57
95030,100,57
95030,100,57
95030,100,57
95030,100,57
95030,100,57
95030,100,57
95030,100,57
95030,100,57
95030,100,57
95030,100,57
95030,100,57
95030,100,57
95030,100,57
95030,100,57
95030,100,57
95030,100,57
95030,100,57
95030,100,57
95030,100,57
95030,100,57
95030,100,57
95030,100,57
95030,100,57
95030,100,57
95030,100,57
95030,100,57
95030,100,57
95030,100,57
95030,100,57
95030,100,57
95030,100,57
95030,100,57
95030,100,57
95030,100,57
95030,100,57
95030,100,57
95030,100,57
95030,100,57
95030,100,57
95030,100,57
95030,100,57
95030,100,57
95030,100,57
95030,100,57
95030,100,57
95030,100,57
95030,100,57
95030,100,57
95030,100,57
95030,100,57
95030,100,57
95030,100,57
95030,100,57
95030,100,57
95030,100,57
95030,100,57
95030,100,57
95030,100,57
95030,100,57
95030,100,57
95030,100,57
95030,100,57
95030,100,57
95030,100,57
95030,100,57
95030,100,57
95030,100,57
95030,100,57
95030,100,57
95030,100,57
95030,100,57
95030,100,57
95030,100,57
95030,100,57
95030,100,57
95030,100,57
95030,100,57
95030,100,57
95030,100,57
95030,100,57
95030,100,57
95030,100,57
95030,100,57
95030,100,57
95030,100,57
95032,110,67
95032,110,67
95032,110,67
95032,110,67
95032,110,67
95032,110,67
95032,110,67
95032,110,67
95032,110,67
95032,110,67
95032,110,67
95032,110,67
95032,110,67
95032,110,67
95032,110,67
95032,110,67
95032,110,67
95032,110,67
95032,110,67
95032,110,67
95032,110,67
95032,110,67
95032,110,67
95032,110,67
95032,110,67
95032,110,67
95032,110,67
95032,110,67
95032,110,67
95032,110,67
95032,110,67
95032,110,67
95032,110,67
95032,110,67
95032,110,67
95032,110,67
95032,110,67
95032,110,67
95032,110,67
95032,110,67
95032,110,67
95032,110,67
95032,110,67
95032,110,67
95033,110,75
95033,110,75
95033,110,75
95033,110,75
95033,110,75
95033,110,75
95033,110,75
95033,110,75
95033,110,75
95033,110,75
95033,110,75
95033,110,75
95033,110,75
95033,110,75
95033,110,75
95033,110,75
95033,110,75
95033,110,75
95033,110,75
95033,110,75
95033,110,75
95033,110,75
95033,110,75
95035,105,50
95035,105,50
95035,105,50
95035,105,50
95035,105,50
95035,105,50
95035,105,50
95035,105,50
95035,105,50
95035,105,50
95035,105,50
95035,105,50
95035,105,50
95035,105,50
95035,105,50
95035,105,50
95035,105,50
95035,105,50
95035,105,50
95035,105,50
95035,105,50
95035,105,50
95035,105,50
95035,105,50
95035,105,50
95035,105,50
95035,105,50
95035,105,50
95035,105,50
95035,105,50
95035,105,50
95035,105,50
95035,105,50
95035,105,50
95035,105,50
95035,105,50
95035,105,50
95035,105,50
95035,105,50
95035,105,50
95035,105,50
95035,105,50
95035,105,50
95035,105,50
95035,105,50
95035,105,50
95035,105,50
95035,105,50
95035,105,50
95035,105,50
95035,105,50
95035,105,50
95035,105,50
95035,105,50
95035,105,50
95035,105,50
95035,105,50
95035,105,50
95035,105,50
95035,105,50
95035,105,50
95035,105,50
95035,105,50
95035,105,50
95035,105,50
95035,105,50
95035,105,50
95035,105,50
95035,105,50
95035,105,50
95035,105,50
95035,105,50
95035,105,50
95035,105,50
95035,105,50
95035,105,50
95035,105,50
95035,105,50
95035,105,50
95035,105,50
95035,105,50
95035,105,50
95035,105,50
95035,105,50
95035,105,50
95035,105,50
95035,105,50
95035,105,50
95037,170,120
95037,170,120
95037,170,120
95037,170,120
95037,170,120
95037,170,120
95037,170,120
95037,170,120
95037,170,120
95037,170,120
95037,170,120
95037,170,120
95037,170,120
95037,170,120
95037,170,120
95050,97,45
95050,97,45
95050,97,45
95050,97,45
95050,97,45
95050,97,45
95050,97,45
95050,97,45
95050,97,45
95050,97,45
95050,97,45
95050,97,45
95050,97,45
95050,97,45
95050,97,45
95050,97,45
95050,97,45
95050,97,45
95050,97,45
95050,97,45
95050,97,45
95050,97,45
95050,97,45
95050,97,45
95050,97,45
95050,97,45
95050,97,45
95050,97,45
95050,97,45
95051,90,36
95051,90,36
95051,90,36
95051,90,36
95051,90,36
95051,90,36
95051,90,36
95051,90,36
95051,90,36
95051,90,36
95051,90,36
95051,90,36
95051,90,36
95051,90,36
95051,90,36
95051,90,36
95051,90,36
95051,90,36
95051,90,36
95051,90,36
95051,90,36
95051,90,36
95051,90,36
95051,90,36
95051,90,36
95051,90,36
95051,90,36
95051,90,36
95051,90,36
95051,90,36
95051,90,36
95051,90,36
95051,90,36
95051,90,36
95051,90,36
95051,90,36
95051,90,36
95051,90,36
95051,90,36
95051,90,36
95051,90,36
95051,90,36
95051,90,36
95051,90,36
95051,90,36
95051,90,36
95051,90,36
95051,90,36
95051,90,36
95051,90,36
95051,90,36
95051,90,36
95051,90,36
95051,90,36
95051,90,36
95051,90,36
95051,90,36
95051,90,36
95051,90,36
95051,90,36
95051,90,36
95051,90,36
95051,90,36
95051,90,36
95054,97,41
95054,97,41
95054,97,41
95054,97,41
95054,97,41
95054,97,41
95054,97,41
95054,97,41
95054,97,41
95054,97,41
95054,97,41
95054,97,41
95054,97,41
95054,97,41
95054,97,41
95070,90,44
95070,90,44
95070,90,44
95070,90,44
95070,90,44
95070,90,44
95070,90,44
95070,90,44
95070,90,44
95070,90,44
95070,90,44
95070,90,44
95070,90,44
95070,90,44
95070,90,44
95070,90,44
95070,90,44
95070,90,44
95070,90,44
95070,90,44
95070,90,44
95070,90,44
95070,90,44
95070,90,44
95070,90,44
95070,90,44
95070,90,44
95070,90,44
95070,90,44
95070,90,44
95070,90,44
95070,90,44
95070,90,44
95070,90,44
95070,90,44
95070,90,44
95070,90,44
95070,90,44
95070,90,44
95070,90,44
95070,90,44
95070,90,44
95070,90,44
95110,93,50
95110,93,50
95110,93,50
95110,93,50
95110,93,50
95110,93,50
95110,93,50
95110,93,50
95110,93,50
95110,93,50
95111,120,75
95111,120,75
95111,120,75
95111,120,75
95111,120,75
95111,120,75
95111,120,75
95111,120,75
95111,120,75
95111,120,75
95111,120,75
95111,120,75
95111,120,75
95111,120,75
95111,120,75
95111,120,75
95111,120,75
95111,120,75
95111,120,75
95111,120,75
95111,120,75
95111,120,75
95111,120,75
95111,120,75
95111,120,75
95111,120,75
95112,105,55
95112,105,55
95112,105,55
95112,105,55
95112,105,55
95112,105,55
95112,105,55
95112,105,55
95112,105,55
95112,105,55
95112,105,55
95112,105,55
95112,105,55
95112,105,55
95112,105,55
95112,105,55
95112,105,55
95112,105,55
95112,105,55
95112,105,55
95112,105,55
95112,105,55
95112,105,55
95112,105,55
95112,105,55
95116,110,60
95116,110,60
95116,110,60
95116,110,60
95116,110,60
95116,110,60
95116,110,60
95116,110,60
95116,110,60
95116,110,60
95116,110,60
95116,110,60
95116,110,60
95116,110,60
95116,110,60
95116,110,60
95116,110,60
95117,115,45
95117,115,45
95117,115,45
95117,115,45
95117,115,45
95117,115,45
95117,115,45
95117,115,45
95117,115,45
95117,115,45
95117,115,45
95117,115,45
95117,115,45
95117,115,45
95117,115,45
95117,115,45
95117,115,45
95117,115,45
95117,115,45
95117,115,45
95117,115,45
95117,115,45
95118,105,65
95118,105,65
95118,105,65
95118,105,65
95118,105,65
95118,105,65
95118,105,65
95118,105,65
95118,105,65
95118,105,65
95118,105,65
95118,105,65
95118,105,65
95118,105,65
95118,105,65
95118,105,65
95118,105,65
95118,105,65
95118,105,65
95118,105,65
95118,105,65
95118,105,65
95118,105,65
95118,105,65
95118,105,65
95118,105,65
95118,105,65
95118,105,65
95118,105,65
95118,105,65
95118,105,65
95118,105,65
95118,105,65
95118,105,65
95118,105,65
95118,105,65
95119,120,75
95119,120,75
95119,120,75
95119,120,75
95119,120,75
95119,120,75
95119,120,75
95119,120,75
95119,120,75
95119,120,75
95119,120,75
95119,120,75
95119,120,75
95120,120,85
95120,120,85
95120,120,85
95120,120,85
95120,120,85
95120,120,85
95120,120,85
95120,120,85
95120,120,85
95120,120,85
95120,120,85
95120,120,85
95120,120,85
95120,120,85
95120,120,85
95120,120,85
95120,120,85
95120,120,85
95120,120,85
95120,120,85
95120,120,85
95120,120,85
95120,120,85
95120,120,85
95120,120,85
95120,120,85
95120,120,85
95120,120,85
95120,120,85
95120,120,85
95120,120,85
95120,120,85
95120,120,85
95120,120,85
95120,120,85
95120,120,85
95120,120,85
95120,120,85
95120,120,85
95120,120,85
95120,120,85
95120,120,85
95121,120,75
95121,120,75
95121,120,75
95121,120,75
95121,120,75
95121,120,75
95121,120,75
95121,120,75
95121,120,75
95121,120,75
95121,120,75
95121,120,75
95121,120,75
95121,120,75
95121,120,75
95121,120,75
95121,120,75
95121,120,75
95121,120,75
95121,120,75
95121,120,75
95121,120,75
95121,120,75
95121,120,75
95121,120,75
95121,120,75
95121,120,75
95121,120,75
95121,120,75
95121,120,75
95121,120,75
95121,120,75
95121,120,75
95121,120,75
95121,120,75
95121,120,75
95121,120,75
95122,105,62
95122,105,62
95122,105,62
95122,105,62
95122,105,62
95122,105,62
95122,105,62
95122,105,62
95122,105,62
95122,105,62
95122,105,62
95122,105,62
95122,105,62
95122,105,62
95122,105,62
95122,105,62
95122,105,62
95122,105,62
95122,105,62
95122,105,62
95122,105,62
95122,105,62
95122,105,62
95122,105,62
95122,105,62
95122,105,62
95122,105,62
95122,105,62
95122,105,62
95122,105,62
95123,120,75
95123,120,75
95123,120,75
95123,120,75
95123,120,75
95123,120,75
95123,120,75
95123,120,75
95123,120,75
95123,120,75
95123,120,75
95123,120,75
95123,120,75
95123,120,75
95123,120,75
95123,120,75
95123,120,75
95123,120,75
95123,120,75
95123,120,75
95123,120,75
95123,120,75
95123,120,75
95123,120,75
95123,120,75
95123,120,75
95123,120,75
95123,120,75
95123,120,75
95123,120,75
95123,120,75
95123,120,75
95123,120,75
95123,120,75
95123,120,75
95123,120,75
95123,120,75
95123,120,75
95123,120,75
95123,120,75
95123,120,75
95123,120,75
95123,120,75
95123,120,75
95124,100,60
95124,100,60
95124,100,60
95124,100,60
95124,100,60
95124,100,60
95124,100,60
95124,100,60
95124,100,60
95124,100,60
95124,100,60
95124,100,60
95124,100,60
95124,100,60
95124,100,60
95124,100,60
95124,100,60
95124,100,60
95124,100,60
95124,100,60
95124,100,60
95124,100,60
95124,100,60
95124,100,60
95124,100,60
95124,100,60
95124,100,60
95124,100,60
95124,100,60
95124,100,60
95124,100,60
95124,100,60
95124,100,60
95124,100,60
95124,100,60
95124,100,60
95124,100,60
95124,100,60
95124,100,60
95124,100,60
95124,100,60
95124,100,60
95124,100,60
95124,100,60
95125,105,62
95125,105,62
95125,105,62
95125,105,62
95125,105,62
95125,105,62
95125,105,62
95125,105,62
95125,105,62
95125,105,62
95125,105,62
95125,105,62
95125,105,62
95125,105,62
95125,105,62
95125,105,62
95125,105,62
95125,105,62
95125,105,62
95125,105,62
95125,105,62
95125,105,62
95125,105,62
95125,105,62
95125,105,62
95125,105,62
95125,105,62
95125,105,62
95125,105,62
95125,105,62
95125,105,62
95125,105,62
95125,105,62
95125,105,62
95125,105,62
95125,105,62
95125,105,62
95125,105,62
95125,105,62
95125,105,62
95125,105,62
95125,105,62
95125,105,62
95125,105,62
95126,97,55
95126,97,55
95126,97,55
95126,97,55
95126,97,55
95126,97,55
95126,97,55
95126,97,55
95126,97,55
95126,97,55
95126,97,55
95126,97,55
95126,97,55
95126,97,55
95126,97,55
95126,97,55
95126,97,55
95126,97,55
95126,97,55
95126,97,55
95126,97,55
95126,97,55
95126,97,55
95126,97,55
95126,97,55
95126,97,55
95126,97,55
95126,97,55
95126,97,55
95126,97,55
95126,97,55
95126,97,55
95126,97,55
95126,97,55
95126,97,55
95126,97,55
95126,97,55
95126,97,55
95126,97,55
95126,97,55
95126,97,55
95126,97,55
95126,97,55
95126,97,55
95127,130,85
95127,130,85
95127,130,85
95127,130,85
95127,130,85
95127,130,85
95127,130,85
95127,130,85
95127,130,85
95127,130,85
95127,130,85
95127,130,85
95127,130,85
95127,130,85
95127,130,85
95127,130,85
95127,130,85
95127,130,85
95127,130,85
95127,130,85
95127,130,85
95127,130,85
95127,130,85
95127,130,85
95127,130,85
95127,130,85
95127,130,85
95127,130,85
95127,130,85
95127,130,85
95127,130,85
95127,130,85
95127,130,85
95127,130,85
95127,130,85
95127,130,85
95127,130,85
95127,130,85
95127,130,85
95127,130,85
95127,130,85
95127,130,85
95127,130,85
95127,130,85
95128,90,47
95128,90,47
95128,90,47
95128,90,47
95128,90,47
95128,90,47
95128,90,47
95128,90,47
95128,90,47
95128,90,47
95128,90,47
95128,90,47
95128,90,47
95128,90,47
95128,90,47
95128,90,47
95128,90,47
95128,90,47
95128,90,47
95128,90,47
95128,90,47
95128,90,47
95128,90,47
95128,90,47
95128,90,47
95128,90,47
95128,90,47
95128,90,47
95128,90,47
95128,90,47
95128,90,47
95128,90,47
95128,90,47
95128,90,47
95128,90,47
95128,90,47
95128,90,47
95128,90,47
95128,90,47
95128,90,47
95128,90,47
95128,90,47
95128,90,47
95128,90,47
95128,90,47
95128,90,47
95128,90,47
95128,90,47
95128,90,47
95128,90,47
95128,90,47
95128,90,47
95128,90,47
95128,90,47
95128,90,47
95128,90,47
95128,90,47
95128,90,47
95128,90,47
95128,90,47
95128,90,47
95128,90,47
95128,90,47
95128,90,47
95128,90,47
95128,90,47
95128,90,47
95128,90,47
95128,90,47
95128,90,47
95128,90,47
95128,90,47
95128,90,47
95128,90,47
95128,90,47
95129,90,47
95129,90,47
95129,90,47
95129,90,47
95129,90,47
95129,90,47
95129,90,47
95129,90,47
95129,90,47
95129,90,47
95129,90,47
95129,90,47
95129,90,47
95129,90,47
95129,90,47
95129,90,47
95129,90,47
95129,90,47
95129,90,47
95129,90,47
95129,90,47
95129,90,47
95129,90,47
95129,90,47
95129,90,47
95129,90,47
95129,90,47
95129,90,47
95129,90,47
95129,90,47
95129,90,47
95129,90,47
95129,90,47
95129,90,47
95129,90,47
95129,90,47
95129,90,47
95129,90,47
95129,90,47
95129,90,47
95129,90,47
95129,90,47
95129,90,47
95129,90,47
95129,90,47
95129,90,47
95129,90,47
95129,90,47
95129,90,47
95129,90,47
95129,90,47
95129,90,47
95129,90,47
95129,90,47
95129,90,47
95129,90,47
95130,90,45
95130,90,45
95130,90,45
95130,90,45
95130,90,45
95130,90,45
95130,90,45
95130,90,45
95130,90,45
95130,90,45
95130,90,45
95131,105,55
95131,105,55
95131,105,55
95131,105,55
95131,105,55
95131,105,55
95131,105,55
95131,105,55
95131,105,55
95131,105,55
95131,105,55
95131,105,55
95131,105,55
95131,105,55
95132,110,62
95132,110,62
95132,110,62
95132,110,62
95132,110,62
95132,110,62
95132,110,62
95132,110,62
95132,110,62
95132,110,62
95132,110,62
95132,110,62
95132,110,62
95132,110,62
95132,110,62
95132,110,62
95132,110,62
95132,110,62
95132,110,62
95132,110,62
95132,110,62
95132,110,62
95132,110,62
95132,110,62
95132,110,62
95132,110,62
95132,110,62
95132,110,62
95132,110,62
95132,110,62
95132,110,62
95132,110,62
95132,110,62
95132,110,62
95132,110,62
95132,110,62
95132,110,62
95132,110,62
95133,110,62
95133,110,62
95133,110,62
95133,110,62
95133,110,62
95133,110,62
95133,110,62
95133,110,62
95133,110,62
95133,110,62
95133,110,62
95133,110,62
95135,140,95
95135,140,95
95135,140,95
95135,140,95
95135,140,95
95135,140,95
95135,140,95
95135,140,95
95135,140,95
95135,140,95
95135,140,95
95135,140,95
95135,140,95
95135,140,95
95135,140,95
95135,140,95
95135,140,95
95135,140,95
95136,115,75
95136,115,75
95136,115,75
95136,115,75
95136,115,75
95136,115,75
95136,115,75
95136,115,75
95136,115,75
95136,115,75
95136,115,75
95136,115,75
95136,115,75
95136,115,75
95136,115,75
95136,115,75
95136,115,75
95136,115,75
95136,115,75
95136,115,75
95136,115,75
95136,115,75
95136,115,75
95136,115,75
95136,115,75
95136,115,75
95136,115,75
95136,115,75
95136,115,75
95136,115,75
95136,115,75
95136,115,75
95136,115,75
95136,115,75
95136,115,75
95136,115,75
95136,115,75
95136,115,75
95136,115,75
95136,115,75
95136,115,75
95136,115,75
95138,125,77
95138,125,77
95138,125,77
95138,125,77
95138,125,77
95138,125,77
95138,125,77
95138,125,77
95138,125,77
95138,125,77
95138,125,77
95138,125,77
95138,125,77
95138,125,77
95138,125,77
95138,125,77
95138,125,77
95138,125,77
95138,125,77
95138,125,77
95138,125,77
95138,125,77
95138,125,77
95138,125,77
95138,125,77
95138,125,77
95138,125,77
95138,125,77
95138,125,77
95138,125,77
95138,125,77
95139,115,75
95139,115,75
95139,115,75
95139,115,75
95139,115,75
95139,115,75
95139,115,75
95139,115,75
95139,115,75
95139,115,75
95139,115,75
95139,115,75
95139,115,75
95139,115,75
95140,160,135
95148,120,75
95148,120,75
95148,120,75
95148,120,75
95148,120,75
95148,120,75
95148,120,75
95148,120,75
95148,120,75
95148,120,75
95148,120,75
95148,120,75
95148,120,75
95148,120,75
95148,120,75
95148,120,75
95148,120,75
95148,120,75
95148,120,75
95148,120,75
95148,120,75
95148,120,75
95148,120,75
95148,120,75
95148,120,75
95148,120,75
95148,120,75
95148,120,75
95148,120,75
95148,120,75
95148,120,75
95148,120,75
95304,130,130
95304,130,130
95304,130,130
95304,130,130
95304,130,130
95391,120,125
95391,120,125
95391,120,125
95391,120,125
95391,120,125
95391,120,125
95391,120,125
95391,120,125
95391,120,125
95391,120,125
95391,120,125
95391,120,125
95391,120,125
95391,120,125
95391,120,125
95391,120,125
95391,120,125
95391,120,125
95391,120,125
95391,120,125
95391,120,125
95391,120,125
95391,120,125
95391,120,125
95391,120,125
95391,120,125
95391,120,125
95391,120,125
95391,120,125
95391,120,125
95391,120,125
95391,120,125
95391,120,125
95391,120,125
95391,120,125
95391,120,125
95391,120,125
95391,120,125
95391,120,125
95391,120,125
95391,120,125
95391,120,125
95391,120,125
95391,120,125
95391,120,125
95391,120,125
95391,120,125
95391,120,125
95391,120,125
95391,120,125
95391,120,125
95391,120,125
95391,120,125
95391,120,125
95391,120,125
95391,120,125
95391,120,125
95391,120,125
95391,120,125
95391,120,125
95391,120,125
95391,120,125
95391,120,125
95391,120,125
95391,120,125
95391,120,125
95391,120,125
95391,120,125
95391,120,125
95391,120,125
95391,120,125
95391,120,125
95391,120,125
95391,120,125
95391,120,125
95391,120,125
95391,120,125
95391,120,125
95391,120,125
95391,120,125
