,Unnamed: 0,Address,City,Zip,Beds,Baths,Home size,Lot size,Year built,Garage,Home type,Price,Longitude,Latitude
4253,1,1200 W Harding Way,Stockton,95203,3,2.5,2016,0.131,1922,2,Single Family Residence,380500,-121.311757667855,37.9642339
4254,2,814 W Elm St,Stockton,95203,3,1.5,1810,0.115,1933,2,Single Family Residence,338000,0.0,0.0
4255,3,731 N Harrison Street,Stockton,95203,4,3.0,2465,0.115,1900,0,Single Family Residence,448000,-121.300992836735,37.9584513061224
4256,4,620 W Vine St.,Stockton,95203,2,2.0,1258,0.115,1915,1,Single Family Residence,239000,0.0,0.0
4257,5,801 W Vine St,Stockton,95203,3,2.0,3005,0.401,1920,3,Single Family Residence,680000,-121.30517,37.963593
4258,0,3111 Princeton Ave,Stockton,95204,3,2.0,1214,0.17,1952,0,Single Family Residence,299995,-121.322702,37.97624
4259,1,1615 Middlefield Ave,Stockton,95204,4,2.0,1666,0.14300000000000002,1947,2,Single Family Residence,249000,0.0,0.0
4260,2,2152 Amblers Ln,Stockton,95204,3,2.0,1672,0.473,1953,0,Single Family Residence,409000,-121.343069878537,37.96154435
4261,3,127 E Euclid Ave,Stockton,95204,3,2.0,1460,0.115,1950,2,Single Family Residence,265000,-121.303704714286,37.9798570816327
4262,0,1630 Eastlake Cir,Tracy,95304,4,3.0,2459,0.168,2000,2,Single Family Residence,590000,-121.41345194969,37.7129495897698
4263,1,1715 Lahola Ct,Tracy,95304,5,3.0,3400,0.36,2005,3,Single Family Residence,769000,0.0,0.0
4264,2,1617 Toulouse St,Tracy,95304,5,3.0,3400,0.185,2004,3,Single Family Residence,695000,0.0,0.0
4265,3,1101 Tulloch,Tracy,95304,5,3.0,3101,0.126,2004,3,Single Family Residence,699950,-121.408675942541,37.7176465546435
4266,4,850 Winnipeg Ct,Tracy,95304,3,2.5,2368,0.14,2000,2,Single Family Residence,534000,-121.412611767703,37.7112094274958
4267,5,14827 Middle Road,Tracy,95304,3,2.0,2296,5.0,1986,2,Single Family Residence,1195000,-121.49276938591,37.7675851267634
4268,6,23155 Vaquero Ct,Tracy,95304,5,3.0,2567,1.59,1979,4,Single Family Residence,859000,-121.503199857143,37.7482217959184
4269,0,1931 E Marsh St,Stockton,95205,2,1.0,776,0.079,1920,0,Single Family Residence,220000,-121.264132714286,37.9529291428571
4270,1,3442 Carly Drive,Stockton,95205,4,3.0,2140,0.218,2005,2,Single Family Residence,360000,-121.2810629,37.9863228
4271,2,1225 E Roosevelt St,Stockton,95205,3,1.0,1233,0.115,1918,2,Single Family Residence,175000,-121.2782835,37.966784
4272,3,2421 E Church St,Stockton,95205,3,1.0,1127,0.115,1920,0,Single Family Residence,239900,0.0,0.0
4273,0,433 Lasata Dr,Tracy,95377,3,2.5,1858,0.135,2005,2,Single Family Residence,520000,-121.43174122449,37.7018443061224
4274,1,4594 Crapapple Ct,Tracy,95377,4,3.0,2989,0.17600000000000002,2001,2,Single Family Residence,609999,0.0,0.0
4275,2,1330 Bluegrass Ln,Tracy,95377,3,2.0,1334,0.129,1991,2,Single Family Residence,448888,-121.44182062605,37.708081318879
4276,3,109 Wisteria Ln,Tracy,95377,5,3.0,2720,0.14,2002,2,Single Family Residence,585000,-121.427206436625,37.6992035173873
4277,4,1548 Michael Drive,Tracy,95377,5,3.0,2999,0.124,2001,2,Single Family Residence,619950,-121.472896312238,37.7450537150376
4278,5,2097 Babcock Ln,Tracy,95377,5,3.0,2841,0.13,2004,2,Single Family Residence,585000,-121.45441982133,37.7292555416767
4279,6,2891 Compton Pl,Tracy,95377,4,4.0,2888,0.133,2003,2,Single Family Residence,595000,-121.469745265356,37.7327529880742
4280,7,4681 Glenhaven Dr,Tracy,95377,6,3.0,2977,0.18,2004,2,Single Family Residence,589000,-121.423462551526,37.6970857119161
4281,8,3128 Tostalinda Drive,Tracy,95377,4,3.5,2565,0.111,2019,2,Single Family Residence,624584,0.0,0.0
4282,9,3158 Tostalinda Drive,Tracy,95377,5,3.0,2648,0.11,2019,2,Single Family Residence,637559,0.0,0.0
4283,10,3108 Tostalinda Drive,Tracy,95377,4,3.5,2565,0.099,2019,2,Single Family Residence,625505,0.0,0.0
4284,11,3088 Tostalinda Drive,Tracy,95377,4,3.0,2340,0.099,2019,2,Single Family Residence,570229,0.0,0.0
4285,12,3149 Tostalinda Drive,Tracy,95377,4,3.5,2565,0.099,2019,2,Single Family Residence,619356,0.0,0.0
4286,13,109 Wisteria Lane,Tracy,95377,5,3.0,2720,0.14,2002,2,Single Family Residence,585000,-121.427206436625,37.6992035173873
4287,14,4549 English Oaks Ave,Tracy,95377,5,3.0,3319,0.142,2001,2,Single Family Residence,598000,0.0,0.0
4288,15,4100 Comstock Pl,Tracy,95377,4,2.5,2574,0.165,2016,2,Single Family Residence,640000,-121.4562707,37.7015744
4289,16,4276 Oakridge Dr,Tracy,95377,4,3.0,2588,0.172,2000,3,Single Family Residence,590000,-121.422730767677,37.7006043232323
4290,17,4276 Oakridge Drive,Tracy,95377,4,3.0,2588,0.172,2000,3,Single Family Residence,590000,-121.422730767677,37.7006043232323
4291,18,3247 Ormonde Ct,Tracy,95377,4,3.0,2158,0.106,2004,2,Single Family Residence,530000,-121.475307148261,37.7472819987401
4292,19,1120 Whispering Wind Drive,Tracy,95377,4,2.5,2989,0.145,2001,2,Single Family Residence,559000,-121.442130229195,37.6994352109159
4293,20,1554 Grace Ct,Tracy,95377,5,3.0,2487,0.147,2000,3,Single Family Residence,549500,-121.458322747492,37.7460617605247
4294,21,2951 Compton Pl,Tracy,95377,4,3.0,2888,0.138,2003,3,Single Family Residence,598000,-121.469090673492,37.7327546613663
4295,22,624 Presidio,Tracy,95377,5,3.0,2527,0.15,2002,2,Single Family Residence,595000,-121.468325782783,37.7340917915908
4296,23,3193 Remington Way,Tracy,95377,5,4.5,5083,0.33799999999999997,2004,3,Single Family Residence,1299950,-121.474716408163,37.720542244898
4297,24,2379 Ogden Sannazor Ct,Tracy,95377,5,4.0,3123,0.18,2004,2,Single Family Residence,595000,-121.460169272727,37.7434452424242
4298,25,2760 Shofield Ln,Tracy,95377,4,2.5,2498,0.136,2003,2,Single Family Residence,560000,0.0,0.0
4299,0,1120 Hepburn Ct,Tracy,95376,4,3.0,2651,0.192,1995,3,Single Family Residence,555000,-121.440364066996,37.7110764246486
4300,1,736 Robert L Smith Dr,Tracy,95376,3,2.0,1213,0.094,1998,2,Single Family Residence,445000,-121.443357117477,37.7238584870152
4301,2,600 Gianelli St,Tracy,95376,4,2.5,2197,0.133,1990,2,Single Family Residence,539000,-121.429433872076,37.7265715665565
4302,3,790 W Mount Diablo Ave,Tracy,95376,4,3.0,1547,0.139,1993,2,Single Family Residence,489000,-121.436324995349,37.7284870315894
4303,4,425 W Clover,Tracy,95376,3,2.0,1191,0.081,1986,2,Single Family Residence,379000,-121.431626269663,37.7614980561798
4304,5,425 W Clover Rd,Tracy,95376,3,2.0,1191,0.081,1986,2,Single Family Residence,379000,-121.431626269663,37.7614980561798
4305,6,646 Tantaros Ln,Tracy,95376,4,3.0,2706,0.11699999999999999,2017,2,Single Family Residence,625000,-121.4164961,37.7619009
4306,7,1940 Hafla Ct,Tracy,95376,6,6.0,4470,0.239,2005,2,Single Family Residence,849000,-121.451759714286,37.7148416734694
4307,8,2567 Remy Cantos Dr,Tracy,95376,4,3.0,3235,0.126,2017,2,Single Family Residence,699999,0.0,0.0
4308,9,329 W 21st Street,Tracy,95376,3,1.0,1154,0.127,1947,1,Single Family Residence,375000,-121.430450414141,37.7516444343434
4309,10,1375 W Lowell Ave,Tracy,95376,5,3.0,2715,0.154,1976,2,Single Family Residence,524950,-121.442286913043,37.7482804347826
4310,11,3241 Arnaudo Ln,Tracy,95376,3,2.5,2078,0.145,1979,2,Single Family Residence,484474,-121.432393163265,37.7604698571429
4311,12,2875 Atlanta Drive,Tracy,95376,4,2.0,1854,0.17600000000000002,1985,2,Single Family Residence,474000,-121.437526454545,37.7576127878788
4312,0,6347 Welch Ave,Stockton,95210,4,2.5,1890,0.125,1990,2,Single Family Residence,345000,-121.2930359,38.0130295
4313,1,5943 Arabian Pl,Stockton,95210,4,2.0,1473,0.115,1990,2,Single Family Residence,349995,-121.2918644,38.0114852
4314,2,5943 Arabian Pl,Stockton,95210,4,2.0,1473,0.115,1990,2,Single Family Residence,349995,-121.2918644,38.0114852
4315,3,4705 Cayman Ct,Stockton,95210,4,2.5,1690,0.121,1995,2,Single Family Residence,370000,-121.28558,37.997342
4316,4,4426 N Ijams,Stockton,95210,4,3.0,3117,1.37,2008,3,Single Family Residence,1200000,0.0,0.0
4317,0,4656 Hibiscus Rd,Stockton,95212,3,1.0,1238,0.23199999999999998,1960,0,Single Family Residence,325000,0.0,0.0
4318,1,3535 Novara Way,Stockton,95212,4,3.0,2619,0.06,2004,2,Single Family Residence,440000,-121.268305571596,38.03853235
4319,2,8838 Bergamo Cir,Stockton,95212,4,3.0,2423,0.138,2006,3,Single Family Residence,429999,-121.26865631111,38.03002185
4320,3,3410 Dewey Ct,Stockton,95212,4,2.5,2602,0.145,2002,3,Single Family Residence,389950,-121.270947226037,38.03247495
4321,4,9230 Nassano,Stockton,95212,4,2.0,2254,0.47,1956,2,Single Family Residence,523950,0.0,0.0
4322,5,9606 Colonna Lane,Stockton,95212,5,3.5,2998,0.14400000000000002,2005,3,Single Family Residence,459500,-121.27503217037,38.04038115
4323,0,916 S Hunter St,Stockton,95206,4,1.0,1260,0.073,1900,0,Single Family Residence,240000,-121.285681702274,37.9437483
4324,1,867 William Moss Blvd,Stockton,95206,4,2.5,1726,0.124,1996,2,Single Family Residence,379500,-121.297548550128,37.90669855
4325,2,4339 Mist Trail Dr,Stockton,95206,5,3.0,2610,0.247,2002,3,Single Family Residence,395000,-121.322044597784,37.90534825
4326,3,846 Herman Street,Stockton,95206,4,2.0,1445,0.121,1998,2,Single Family Residence,289000,-121.29932400272,37.9325253
4327,4,1370 Venice Cir,Stockton,95206,4,3.0,1905,0.139,2002,2,Single Family Residence,359950,-121.304269643352,37.9027543
4328,5,2947 S Bieghle St,Stockton,95206,5,3.0,2285,0.154,2019,2,Single Family Residence,415000,0.0,0.0
4329,6,3303 Trisha Way,Stockton,95206,4,2.0,1329,0.13,2006,2,Single Family Residence,344998,-121.253483821882,37.922044
4330,7,1818 Bella Lago Dr,Stockton,95206,3,2.5,1669,0.092,2007,2,Single Family Residence,305000,-121.30953,37.931509
4331,8,2675 Playa Del Sol Ave,Stockton,95206,4,2.0,1814,0.11,2006,2,Single Family Residence,310000,-121.26421626,37.92509805
4332,9,1937 Old Oak Dr,Stockton,95206,4,2.0,1981,0.172,2019,2,Single Family Residence,389000,-121.2544703,37.9252716
4333,10,1913 Old Oak Dr,Stockton,95206,4,2.0,1981,0.17300000000000001,2019,2,Single Family Residence,389000,-121.2544703,37.9252716
4334,11,2932 S Bieghle St,Stockton,95206,4,2.0,1981,0.115,2019,2,Single Family Residence,385000,0.0,0.0
4335,12,2968 S Bieghle St,Stockton,95206,4,2.0,1981,0.115,2019,2,Single Family Residence,385000,0.0,0.0
4336,13,3854 Seascape Way,Stockton,95206,3,2.0,1660,0.115,2006,2,Single Family Residence,315000,-121.240558364437,37.9175644
4337,14,1838 Old Oak Dr,Stockton,95206,4,2.0,1981,0.134,2018,2,Single Family Residence,384000,-121.253705,37.9256022857143
4338,0,223 W Mayfair,Stockton,95207,4,2.0,1493,0.172,1953,2,Single Family Residence,365000,0.0,0.0
4339,1,6212 Harrisburg Pl,Stockton,95207,3,2.0,1731,0.154,1953,0,Single Family Residence,335000,0.0,0.0
4340,2,7117 Inglewood Ave,Stockton,95207,3,2.0,1152,0.165,1960,2,Single Family Residence,284500,-121.3176106,38.0145475
4341,3,309 W Lincoln Rd,Stockton,95207,3,1.5,1448,0.151,1961,2,Single Family Residence,288800,-121.3149301,38.0144837
4342,0,1995 Milan Way,Lincoln,95648,3,2.0,1693,0.17300000000000001,2003,3,Single Family Residence,440000,-121.316645294679,38.8936161013858
4343,1,2516 Lincoln Airpark Dr.,Lincoln,95648,6,4.5,3641,0.136,2014,3,Single Family Residence,599998,-121.325868891324,38.9112849887259
4344,2,5140 Lichty Road,Lincoln,95648,3,3.5,3008,31.0,2011,1,Single Family Residence,1290000,0.0,0.0
4345,3,2004 Ladera Dr,Lincoln,95648,4,4.5,4012,0.36,2004,4,Single Family Residence,969000,-121.245809221824,38.8554233
4346,0,671 Kelcie Dr,Ripon,95366,5,3.0,4112,0.23,2004,2,Single Family Residence,695000,-121.150008913635,37.7337539867492
4347,1,684 S Mohler Rd,Ripon,95366,4,3.5,3148,0.308,2019,4,Single Family Residence,845000,-121.151147743363,37.7334954203433
4348,2,684 S Mohler,Ripon,95366,45,3.5,3148,0.31,2019,4,Single Family Residence,845000,-121.151147743363,37.7334954203433
4349,0,2684 Christy,Tracy,95367,4,3.0,2651,0.14800000000000002,1994,3,Single Family Residence,555000,-121.438074898787,37.7112958542441
4350,0,10650 Abigail Ct,Stockton,95209,5,3.0,3075,0.11900000000000001,2015,2,Single Family Residence,486800,-121.320860939394,38.0523610606061
4351,1,10650 Abigail Ct,Stockton,95209,6,3.0,3075,0.11900000000000001,2015,2,Single Family Residence,486800,-121.320860939394,38.0523610606061
4352,2,3078 Scarlet Oak,Stockton,95209,4,2.5,2029,0.084,2005,2,Single Family Residence,365000,0.0,0.0
4353,3,3041 Stanfield Dr,Stockton,95209,4,2.5,2226,0.146,1979,2,Single Family Residence,358000,-121.355701827463,38.0355072
4354,4,9578 Scarboro Place,Stockton,95209,4,3.0,2209,0.16,1986,2,Single Family Residence,373900,-121.357834507465,38.0374339
4355,5,2328 Shropshire Ct,Stockton,95209,4,3.0,2293,0.27,1980,2,Single Family Residence,339000,-121.342419814076,38.0337932895918
4356,6,10716 Siskiyou Ln,Stockton,95209,5,3.5,2284,0.077,2007,2,Single Family Residence,375000,-121.353484463428,38.0538085174491
4357,0,753 Yale Ln,Santa Clara,95051,3,2.0,1442,0.153,1961,2,Single Family Residence,1499000,-121.988459577902,37.3362286287797
4358,1,663 Hamilton Ln,Santa Clara,95051,4,2.0,1127,0.121,1953,1,Single Family Residence,1199000,-121.980966995388,37.3341943822195
4359,2,944 Capitola Way,Santa Clara,95051,4,2.0,2128,0.14300000000000002,1964,2,Single Family Residence,1460000,-121.989796301532,37.3426976870846
4360,3,3361 Tracy Dr,Santa Clara,95051,3,2.0,1265,0.14400000000000002,1957,2,Single Family Residence,1688000,-121.9908687193,37.3296244179881
4361,4,3131 Membrillo Corte,Santa Clara,95051,3,2.5,1543,0.044000000000000004,1990,2,Single Family Residence,1575000,-121.9851348,37.340089
4362,5,1463 Blackfield Dr,Santa Clara,95051,4,2.0,1790,0.15,1952,1,Single Family Residence,1499999,-121.969177503193,37.3510903155674
4363,6,2647 Birchtree Ln,Santa Clara,95051,4,4.0,3108,0.271,1972,2,Single Family Residence,2888000,-121.970025689655,37.331822
4364,7,3564 Stout Pl,Santa Clara,95051,4,4.0,1998,0.046,2011,2,Single Family Residence,1649000,-121.99538150912,37.3504479757562
4365,8,641 Briarcliff Ct,Santa Clara,95051,4,3.0,1934,0.192,1961,2,Single Family Residence,1698000,-121.991282067846,37.3341496664011
4366,9,2665 Maplewood Ln,Santa Clara,95051,3,2.0,2146,0.184,1970,2,Single Family Residence,2128888,-121.970460981451,37.3311387257188
4367,10,462 Muriel Ct,Santa Clara,95051,5,3.0,2423,0.244,1960,2,Single Family Residence,1988800,-121.973090449796,37.3314089562358
4368,11,3218 Agate Dr,Santa Clara,95051,3,2.0,897,0.16,1955,1,Single Family Residence,1288888,-121.985837424806,37.3698204966976
4369,12,1010 Teal Dr,Santa Clara,95051,4,2.0,1649,0.201,1961,2,Single Family Residence,1798000,-122.002594,37.344417
4370,13,837 Cherry Orchard Pl,Santa Clara,95051,4,3.0,1935,0.049,2008,2,Single Family Residence,1669000,-121.990847848195,37.3388816
4371,14,1515 Farmer Pl,Santa Clara,95051,4,3.5,1993,0.052000000000000005,2011,2,Single Family Residence,1588000,-121.994787896328,37.35104565844
4372,15,3412 Geneva Dr,Santa Clara,95051,3,2.0,1420,0.193,1957,2,Single Family Residence,1848000,-121.992023092982,37.3292265322741
4373,16,190 Arcadia Ave,Santa Clara,95051,4,2.5,2432,0.18600000000000003,2013,2,Single Family Residence,2435000,-121.987753,37.3271512122343
4374,17,2479 Borax Dr,Santa Clara,95051,3,1.0,897,0.131,1955,1,Single Family Residence,1198888,-121.982342988092,37.3676369145986
4375,18,3491 Elmhurst Ave,Santa Clara,95051,3,2.0,1401,0.14400000000000002,1957,2,Single Family Residence,1295000,-121.992583,37.326555
4376,19,3564 Stout Pl,Santa Clara,95051,4,4.0,1998,0.046,2011,2,Single Family Residence,1649000,-121.99538150912,37.3504479757562
4377,20,3597 Notre Dame Dr,Santa Clara,95051,5,4.0,3076,0.358,1965,2,Single Family Residence,1830500,-121.995255780747,37.3647166979861
4378,21,2605 Painted Rock Dr,Santa Clara,95051,3,2.0,1100,0.135,1954,1,Single Family Residence,1050000,-121.979830634219,37.3687525185711
4379,22,345 Landeros Dr,Santa Clara,95051,4,3.0,2222,0.19699999999999998,1976,2,Single Family Residence,1599999,-121.968162784549,37.3289907718158
4380,0,307 Laguna St,Santa Cruz,95060,3,3.0,2428,0.16399999999999998,1973,2,Single Family Residence,1400000,-122.029482887815,36.9571230844595
4381,1,211 Glover St,Santa Cruz,95060,4,2.0,1634,0.14300000000000002,1959,0,Single Family Residence,1168000,-122.044985020408,36.9640162857143
4382,2,168 Bernard Ln,Santa Cruz,95060,4,4.0,2419,1.094,1974,2,Single Family Residence,1098000,0.0,0.0
4383,3,108 Meadowview Ln,Santa Cruz,95060,3,3.5,2920,0.07200000000000001,2012,2,Single Family Residence,969000,0.0,0.0
4384,4,1119 Mission St,Santa Cruz,95060,5,2.5,1957,0.244,1925,0,Single Family Residence,1200000,-122.036710346939,36.9702842244898
4385,5,533 Isbel Dr,Santa Cruz,95060,4,2.5,2774,0.483,1969,2,Single Family Residence,1295000,-122.014602657429,36.9984341703451
4386,6,195 Miracle Ln,Santa Cruz,95060,3,2.5,2314,1.7919999999999998,2010,2,Single Family Residence,1600000,-122.012123793193,37.015041215629
4387,7,36 Grainger Ln,Santa Cruz,95060,3,2.0,1744,1.7469999999999999,1981,2,Single Family Residence,935000,0.0,0.0
4388,8,117 La Canada Way,Santa Cruz,95060,2,2.0,1826,0.368,1961,2,Single Family Residence,998000,-122.034799058651,37.0179934495779
4389,9,1690 Glen Canyon Rd,Santa Cruz,95060,6,5.5,5000,62.977,1942,2,Single Family Residence,7300000,-122.0210398,37.0228327
4390,10,111 Button St,Santa Cruz,95060,3,2.5,1326,0.062,1996,2,Single Family Residence,882000,-122.022095157895,36.9869733684211
4391,11,107 Las Ondas Ct,Santa Cruz,95060,3,2.0,1600,0.125,1949,1,Single Family Residence,995000,-122.04936086278,36.9634143832215
4392,12,5 Bird Hill Ln,Santa Cruz,95060,3,3.5,3624,0.225,2004,2,Single Family Residence,3295000,-122.024615139223,36.9992712131234
4393,13,211 Wanzer St,Santa Cruz,95060,2,2.0,2044,0.115,1961,1,Single Family Residence,1495000,-122.045912382096,36.9519559906919
4394,14,121 Palomino Way,Santa Cruz,95060,4,4.5,4893,0.51,2004,3,Single Family Residence,2125000,-122.037233058703,37.0099235697116
4395,15,12 Panorama Ln,Santa Cruz,95060,3,2.5,3256,0.5670000000000001,2019,6,Single Family Residence,3200000,-122.028229853557,37.0100702713909
4396,16,130 Pineridge Rd,Santa Cruz,95060,3,2.0,1633,1.1,1978,2,Single Family Residence,1050000,-122.11066258735,37.0440028453937
4397,17,2210 West Cliff Dr,Santa Cruz,95060,4,3.5,2936,0.14400000000000002,2009,2,Single Family Residence,3998000,-122.053106684857,36.9502805050281
4398,18,145 Scenic St,Santa Cruz,95060,3,3.5,3890,0.446,2009,2,Single Family Residence,2995000,-122.048438651883,36.969066464455
4399,19,130 Surfside Ave,Santa Cruz,95060,3,2.0,1284,0.084,1915,1,Single Family Residence,999500,-122.041025676143,36.9575425975057
4400,20,50 Nichols Dr,Santa Cruz,95060,3,2.0,1702,2.031,1980,2,Single Family Residence,995000,-122.135646515571,37.0818920817142
4401,21,1 Kite Hill Rd,Santa Cruz,95060,4,3.5,3553,0.43,1973,2,Single Family Residence,2800000,-122.027953,37.011266
4402,22,251 Brookside Ave,Santa Cruz,95060,2,1.0,819,0.11800000000000001,1971,1,Single Family Residence,789000,-122.016566388576,36.9879640397514
4403,23,1244 Laurent St,Santa Cruz,95060,4,3.0,2700,0.282,1960,2,Single Family Residence,1600000,-122.042631510068,36.9769431942664
4404,24,211 Beachview Ave,Santa Cruz,95060,3,2.5,1506,0.09699999999999999,1976,2,Single Family Residence,995500,-122.055181874272,36.9618041787963
4405,25,126 Wendell St,Santa Cruz,95060,4,3.0,2244,0.138,1990,2,Single Family Residence,1075000,-122.019661213228,36.990238128827
4406,26,250 Oak Acres,Santa Cruz,95060,4,3.0,2914,1.2590000000000001,1974,2,Single Family Residence,1199000,-122.027485091052,37.028497988416
4407,27,275 Chico Ave,Santa Cruz,95060,3,2.0,1336,0.096,1976,2,Single Family Residence,1149000,-122.053711552371,36.9514601896861
4408,28,123 Berkshire Ave,Santa Cruz,95060,4,3.0,2020,0.139,1890,0,Single Family Residence,1249900,-122.043340469388,36.9639227346939
4409,29,78 Pasatiempo Dr,Santa Cruz,95060,3,3.5,2799,0.63,1977,2,Single Family Residence,1998000,-122.02718855338,37.0098107322409
4410,30,220 Wavecrest Ave,Santa Cruz,95060,5,3.5,3800,0.151,1990,2,Single Family Residence,2000000,-122.055654869431,36.9627492542839
4411,0,977 Alta Oak Way,Gilroy,95020,4,4.0,2819,0.16399999999999998,2003,3,Single Family Residence,965000,-121.578101484414,36.9907906517219
4412,1,7905 Spanish Oak Cir,Gilroy,95020,4,2.5,2133,0.046,2010,2,Single Family Residence,739999,-121.59829596392,37.0114824149167
4413,2,5550 Karen Ct,Gilroy,95020,3,2.5,1908,0.16899999999999998,1978,2,Single Family Residence,799000,-121.571860513829,36.9792906396895
4414,3,9272 El Caminito,Gilroy,95020,3,2.0,1606,0.14,1986,2,Single Family Residence,775000,-121.601415310018,37.0270050699464
4415,4,1075 Ortega Cir,Gilroy,95020,4,2.0,1839,0.157,1975,2,Single Family Residence,775000,-121.590016624746,37.0097420439919
4416,5,3225 Dryden Ave,Gilroy,95020,4,3.5,3727,10.81,1991,3,Single Family Residence,1795000,-121.525762373133,37.0419671701164
4417,6,3315 Dryden Ave,Gilroy,95020,1,1.0,840,1.68,1910,0,Single Family Residence,840000,-121.523345861111,37.0428205555556
4418,7,450 Eden St,Gilroy,95020,4,2.5,1829,0.087,1997,2,Single Family Residence,730000,-121.583723554464,37.0244881739795
4419,8,6600 Tecate Ln,Gilroy,95020,3,2.5,2089,0.084,2015,2,Single Family Residence,735000,-121.5657819,36.9965583
4420,9,1505 Mantelli Dr,Gilroy,95020,4,2.0,1922,0.213,1985,2,Single Family Residence,845000,-121.603556,37.020642
4421,10,1150 Valbusa Dr,Gilroy,95020,4,3.0,1790,0.138,1986,2,Single Family Residence,799000,-121.600500455495,37.0253726563672
4422,11,7970 Kipling Cir,Gilroy,95020,3,2.5,1497,0.055,2005,2,Single Family Residence,659000,-121.585774087736,37.0127827467343
4423,12,7210 Holsclaw Rd,Gilroy,95020,3,1.0,1325,0.214,1950,1,Single Family Residence,3295000,-121.538803696911,37.0119837897208
4424,13,1268 Blue Parrot Ct,Gilroy,95020,5,3.0,2566,0.14400000000000002,1998,2,Single Family Residence,1100000,-121.599955834862,37.0232835364106
4425,14,6635 Angela Ct,Gilroy,95020,4,3.0,2090,0.209,1981,12,Single Family Residence,824900,-121.57154667048,36.9939852626668
4426,15,28 Angra Way,Gilroy,95020,3,2.5,2069,0.065,2015,2,Single Family Residence,699888,-121.5658427,36.9971108
4427,16,2631 Club Dr,Gilroy,95020,5,3.5,3350,0.166,2000,2,Single Family Residence,1259000,-121.617292581496,37.0056744885335
4428,17,7156 Redwood Retreat Rd,Gilroy,95020,1,1.0,768,4.763999999999999,1935,0,Single Family Residence,399000,-121.682539,37.0329879
4429,18,640 Tatum Ave,Gilroy,95020,2,1.0,848,2.83,1940,0,Single Family Residence,1399000,-121.590038605183,37.027128
4430,19,1283 Pheasant Dr,Gilroy,95020,4,2.5,1735,0.124,1994,2,Single Family Residence,759900,-121.604043167569,37.0268968043508
4431,20,770 Carla Way,Gilroy,95020,4,2.0,1532,0.149,1965,2,Single Family Residence,679000,-121.588310703444,37.0211728845557
4432,21,3970 Leavesley Rd,Gilroy,95020,4,3.5,4222,58.644,1991,3,Single Family Residence,16000000,-121.515066852933,37.0442476629615
4433,22,2410 Sunflower Cir,Gilroy,95020,6,4.5,4314,0.489,1999,3,Single Family Residence,1374985,-121.620957072859,37.0201959460243
4434,23,6711 Garden Ct,Gilroy,95020,3,2.0,1138,0.16899999999999998,1963,2,Single Family Residence,699000,-121.56643781678,36.9965781526408
4435,24,8585 Strawberry Ln,Gilroy,95020,4,3.0,3621,0.679,2003,4,Single Family Residence,1374999,-121.623500938426,37.0197542190815
4436,25,9328 Lone Deer Way,Gilroy,95020,4,3.0,2658,0.14400000000000002,1998,3,Single Family Residence,910000,-121.601708414631,37.02805292672
4437,26,7932 Cinnamon Way,Gilroy,95020,4,3.0,3018,0.20199999999999999,2016,3,Single Family Residence,1199000,0.0,0.0
4438,27,6445 Sussex Pl,Gilroy,95020,4,2.0,2147,0.161,1981,2,Single Family Residence,774999,-121.565862332924,36.9927586965761
4439,28,1446 Swallow Ln,Gilroy,95020,4,2.5,1988,0.134,1997,2,Single Family Residence,794000,-121.607250851451,37.0258923537137
4440,29,293 Windsong Way,Gilroy,95020,4,3.5,2729,0.214,2014,2,Single Family Residence,879000,0.0,0.0
4441,30,7620 Mackenzie Way,Gilroy,95020,4,3.0,3191,0.142,2011,3,Single Family Residence,1225000,-121.618646,37.0062232031726
4442,0,38 Jehl Ave,Freedom,95019,3,2.0,1100,0.12,1937,2,Single Family Residence,799000,-121.771469111937,36.9313640969569
4443,0,3230 Hawes Dr,Santa Cruz,95062,1,2.0,871,0.067,1939,0,Single Family Residence,1189000,-121.972170673469,36.958466
4444,1,528 Atlantic Ave,Santa Cruz,95062,2,2.5,1322,0.264,1927,2,Single Family Residence,4500000,-122.004531888104,36.9645469384138
4445,2,130 Sunny Cove Dr,Santa Cruz,95062,3,2.0,1803,0.086,1923,1,Single Family Residence,1795000,-121.988778428571,36.9606439795918
4446,3,906 Corcoran Ave,Santa Cruz,95062,3,2.0,1437,0.14,1979,2,Single Family Residence,949000,-121.980282476752,36.9668034767872
4447,4,730 Tanner Ct,Santa Cruz,95062,3,2.5,2043,0.128,2001,2,Single Family Residence,1295000,-121.991910040816,36.9777623673469
4448,5,2210 S Rodeo Gulch Rd,Santa Cruz,95062,3,1.5,1050,0.156,1964,2,Single Family Residence,815000,-121.969415,36.9813023347578
4449,6,22035 E Cliff Dr,Santa Cruz,95062,3,3.0,1611,0.07,1946,0,Single Family Residence,1595000,-121.985491320944,36.9610942496243
4450,7,4342 Gladys Ave,Santa Cruz,95062,2,1.0,1054,0.13699999999999998,1951,1,Single Family Residence,1250000,-121.9626203775,36.967002272549
4451,8,1768 Del Mar Ct,Santa Cruz,95062,4,2.5,1542,0.107,1994,2,Single Family Residence,898000,-121.985695163265,36.9660935714286
4452,9,335 25th Ave,Santa Cruz,95062,3,2.0,1560,0.139,1952,2,Single Family Residence,1299850,-121.980346650627,36.9601876838624
4453,10,1009 El Dorado Ave,Santa Cruz,95062,2,1.0,640,0.102,1950,2,Single Family Residence,499000,-121.989762029859,36.9707632747365
4454,11,608 Pine St,Santa Cruz,95062,4,2.0,1650,0.115,1971,2,Single Family Residence,1649000,-122.012846301649,36.9742048711811
4455,12,3242 Churnside Ln,Santa Cruz,95062,3,2.0,1183,0.11900000000000001,1986,2,Single Family Residence,849000,-121.9708192,36.9800704
4456,13,3870 Floral Ct,Santa Cruz,95062,4,2.0,1827,0.095,1987,1,Single Family Residence,1789000,-121.966556571429,36.9608362857143
4457,14,1950 Halterman Ave,Santa Cruz,95062,3,2.0,1425,0.153,1965,2,Single Family Residence,900000,-121.977742830046,36.9787418996485
4458,15,2938 Renwick Way,Santa Cruz,95062,4,3.0,2602,0.204,1982,0,Single Family Residence,1299800,-121.974013734613,36.971809710174
4459,16,113 4th Ave,Santa Cruz,95062,4,3.5,2658,0.134,1926,2,Single Family Residence,3599000,-122.004902632653,36.9640047959184
4460,17,105 Seabright Ave,Santa Cruz,95062,3,2.0,1579,0.242,1946,0,Single Family Residence,4799999,-122.007768653061,36.9642018367347
4461,18,301 Anchorage,Santa Cruz,95062,3,3.0,2110,0.122,2011,1,Single Family Residence,1599000,-121.974137284875,36.9577072686841
4462,19,1211 Webster St,Santa Cruz,95062,9,5.5,2356,0.461,1964,2,Single Family Residence,1499975,-121.986007,36.979862
4463,20,211 Harrison Ave,Santa Cruz,95062,3,3.0,1910,0.165,2011,1,Single Family Residence,1499950,-122.007322170301,36.9832217994221
4464,21,2606 Paul Minnie Ave,Santa Cruz,95062,3,1.0,1260,0.626,1909,1,Single Family Residence,1525000,-121.984034520254,36.9854235461844
4465,22,229 2nd Ave,Santa Cruz,95062,2,2.0,1026,0.086,1980,1,Single Family Residence,1695000,-122.006462359511,36.9655028151965
4466,23,308 7th Ave,Santa Cruz,95062,3,2.0,1764,0.068,1978,0,Single Family Residence,1399000,-121.998212806402,36.9653866720815
4467,24,2011 7th Ave,Santa Cruz,95062,2,1.0,1252,0.14300000000000002,1961,1,Single Family Residence,765000,-121.989958996895,36.9808705236834
4468,25,195 Moran Way,Santa Cruz,95062,3,3.0,2418,0.14400000000000002,1998,2,Single Family Residence,2350000,-121.97505879798,36.9574072626263
4469,26,418 Trevethan Ave,Santa Cruz,95062,2,1.0,987,0.141,1948,0,Single Family Residence,839000,-121.999684449744,36.9861693355276
4470,27,916 Windsor St,Santa Cruz,95062,4,3.0,2193,0.18100000000000002,1960,2,Single Family Residence,1395000,-122.005144213472,36.9750282286441
4471,28,110 21st Ave,Santa Cruz,95062,3,3.0,2361,0.053,1953,2,Single Family Residence,4475000,-121.985343979592,36.9605397755102
4472,29,495 Coastview Dr,Santa Cruz,95062,4,4.0,2983,0.145,2009,2,Single Family Residence,2395000,-121.98389721753,36.9619880194381
4473,30,357 13th Ave,Santa Cruz,95062,2,2.0,948,0.055,1956,0,Single Family Residence,1198000,-121.993329783032,36.9632135013731
4474,0,6915 Highway 9,Felton,95018,4,4.0,2098,0.86,1944,0,Single Family Residence,899000,-122.0710796,37.0401122
4475,1,1205 Lakeside Dr,Felton,95018,3,2.0,1344,0.452,1975,0,Single Family Residence,689500,0.0,0.0
4476,2,9592 E Zayante Rd,Felton,95018,2,1.0,772,0.42,1937,1,Single Family Residence,539000,0.0,0.0
4477,3,846 Hillcrest Dr,Felton,95018,2,1.0,874,0.312,1926,0,Single Family Residence,599000,-122.081387221896,37.0412765209548
4478,4,12120 Coleman Ave,Felton,95018,2,1.0,984,0.31,1977,0,Single Family Residence,399000,0.0,0.0
4479,5,2130 Upper Scenic Dr,Felton,95018,2,2.0,1442,2.025,1986,0,Single Family Residence,998000,0.0,0.0
4480,6,640 Hillcrest Dr,Felton,95018,3,2.0,1199,0.201,1964,0,Single Family Residence,786000,-122.080182258902,37.0418930594649
4481,7,9275 Zayante Dr,Felton,95018,2,1.0,600,0.23,1944,1,Single Family Residence,595000,0.0,0.0
4482,8,4481 Highway 9,Felton,95018,1,1.0,480,4.838,1959,0,Single Family Residence,849000,-122.0710796,37.0401122
4483,9,10250 Lomita Ave,Felton,95018,1,1.0,475,0.505,1951,0,Single Family Residence,349000,0.0,0.0
4484,10,10405 Lake Blvd,Felton,95018,3,3.0,2101,0.489,1977,3,Single Family Residence,719000,0.0,0.0
4485,0,5373 Branciforte Dr,Santa Cruz,95065,6,3.5,3947,1.979,1963,1,Single Family Residence,1399000,-121.9874378,37.0275229
4486,1,5010 Winkle Ave,Santa Cruz,95065,4,2.5,1900,0.267,1964,2,Single Family Residence,995000,-121.973103962083,37.0022221836454
4487,2,365 Granite Creek Rd,Santa Cruz,95065,6,3.0,3691,2.65,1961,2,Single Family Residence,1499000,-121.996764593799,37.0228785023502
4488,3,3370 Houts Dr,Santa Cruz,95065,4,3.0,2210,0.10300000000000001,2006,2,Single Family Residence,1050000,-121.981267597499,36.9930238081269
4489,4,1640 Franky Ct,Santa Cruz,95065,3,3.0,1811,0.083,1979,0,Single Family Residence,879000,-121.981010265306,36.9932341428571
4490,5,126 Goss Ave,Santa Cruz,95065,3,2.0,2257,0.16899999999999998,1950,0,Single Family Residence,1049000,-122.011981685147,36.9899963707442
4491,6,108 Goss Ct,Santa Cruz,95065,2,2.5,1132,0.07400000000000001,2005,1,Single Family Residence,799000,-122.006906836735,36.9895541632653
4492,7,3881 Winkle Ave,Santa Cruz,95065,4,3.5,3059,0.271,1984,2,Single Family Residence,1495000,-121.9732434,37.002221
4493,8,319 Pestana Ave,Santa Cruz,95065,3,2.0,1300,0.157,1962,2,Single Family Residence,875000,-121.977109602416,37.0000857214533
4494,9,405 Waugh Ave,Santa Cruz,95065,3,2.5,1936,0.858,1983,2,Single Family Residence,999000,-121.973185993418,37.0059019236094
4495,10,767 Charles Hill Rd,Santa Cruz,95065,3,2.0,3082,3.089,1991,2,Single Family Residence,1399000,-121.970616655297,37.0810861078553
4496,11,787 Rider Ridge Rd,Santa Cruz,95065,4,2.5,3190,2.562,1997,3,Single Family Residence,1600000,-121.968002108791,37.0664194370911
4497,12,255 Jupiter Ter,Santa Cruz,95065,3,2.0,1522,7.9479999999999995,1978,0,Single Family Residence,2900000,-121.984248959908,37.0719035088449
4498,13,613 Park Way,Santa Cruz,95065,4,3.0,2334,0.196,1973,2,Single Family Residence,1425000,-121.997685506189,36.9891698705013
4499,14,129 Prospect Ct,Santa Cruz,95065,4,4.0,3351,0.28,1991,0,Single Family Residence,1299000,-121.994277296466,36.9917017815875
4500,15,337 Thin Edge Rd,Santa Cruz,95065,5,3.0,3700,2.9160000000000004,2004,3,Single Family Residence,1599000,-121.98074569227,37.0686549070537
4501,16,3304 Winkle Ave,Santa Cruz,95065,5,4.5,3002,0.21,2019,2,Single Family Residence,1449000,-121.974427484848,36.9914178888889
4502,17,570 Rider Ridge Rd,Santa Cruz,95065,4,4.5,5570,24.662,1984,3,Single Family Residence,2995000,-121.967563910283,37.0676488779084
4503,18,3280&3282 Winkle Ave,Santa Cruz,95065,5,4.5,3128,0.18,2019,2,Single Family Residence,1299000,-121.97448854036,36.9910521038053
4504,19,260 Castle Dr,Santa Cruz,95065,7,6.5,7067,6.2,2003,2,Single Family Residence,4100000,-121.980027954012,37.0140509990853
4505,20,377 Waugh Ave,Santa Cruz,95065,4,2.5,2987,0.225,1982,0,Single Family Residence,1080000,-121.97355547347,37.0059901566778
4506,21,4260 Paul Sweet Rd,Santa Cruz,95065,4,4.0,4500,25.939,2007,2,Single Family Residence,3875000,-121.984584016667,37.01029235
4507,0,20. 3rd Ave,Davenport,95017,3,1.5,979,0.16899999999999998,1906,2,Single Family Residence,949000,-122.204560715231,37.0197737130483
4508,1,664 Swanton Rd,Davenport,95017,1,1.0,520,4.9110000000000005,1971,0,Single Family Residence,509000,-122.2245355,37.0388444
4509,2,672 Swanton Rd,Davenport,95017,2,1.0,500,5.986000000000001,1970,0,Single Family Residence,499000,-122.2245355,37.0388444
4510,0,908 Coast Range Dr,Scotts Valley,95066,3,2.5,1587,0.08800000000000001,1995,2,Single Family Residence,975000,-122.032662287111,37.0534552107395
4511,1,905 Coast Range Dr,Scotts Valley,95066,5,2.5,1669,0.07200000000000001,1995,2,Single Family Residence,969000,-122.032686648789,37.0536857420074
4512,2,110 Lauren Cir,Scotts Valley,95066,4,5.0,5851,0.539,1993,3,Single Family Residence,2695000,-121.995219,37.0552
4513,3,25 Milano Ct,Scotts Valley,95066,3,2.5,1656,0.095,1996,2,Single Family Residence,1110000,-122.010947469388,37.06242
4514,4,225 Sherman Dr,Scotts Valley,95066,4,2.5,2120,0.273,1978,2,Single Family Residence,1148000,-122.002183120109,37.0579089930659
4515,5,4 Cabernet Ct,Scotts Valley,95066,4,3.0,2309,0.16699999999999998,1991,3,Single Family Residence,1250000,-122.001127835982,37.0659153545023
4516,6,308 Nelson Rd,Scotts Valley,95066,3,2.0,1505,0.515,1953,0,Single Family Residence,619000,0.0,0.0
4517,7,80 Cathy Ln,Scotts Valley,95066,3,2.0,1728,1.6740000000000002,1978,0,Single Family Residence,935000,-122.015895257888,37.052376221681
4518,8,1545 Mt Hermon Rd A-b-c,Scotts Valley,95066,2,1.0,1433,2.645,1954,0,Single Family Residence,1195000,0.0,0.0
4519,9,144 Eagle Crest Dr,Scotts Valley,95066,3,3.0,2438,3.815,1910,2,Single Family Residence,1199000,0.0,0.0
4520,10,1160 Whispering Pines Dr,Scotts Valley,95066,3,2.0,2345,0.215,1965,2,Single Family Residence,1050000,-122.038105022172,37.0374277102792
4521,11,7200 Highway 17,Scotts Valley,95066,4,3.5,3138,7.837000000000001,1991,3,Single Family Residence,1749000,0.0,0.0
4522,12,420 Woodland Dr,Scotts Valley,95066,2,2.0,1229,1.386,1969,1,Single Family Residence,890000,0.0,0.0
4523,13,1030 Whispering Pines Dr,Scotts Valley,95066,4,2.5,2914,0.201,1986,2,Single Family Residence,1288888,-122.03526002575,37.0378488964459
4524,14,536 Northridge Dr,Scotts Valley,95066,4,3.0,2407,0.856,1980,2,Single Family Residence,1145000,0.0,0.0
4525,15,2150 Bean Creek Rd,Scotts Valley,95066,3,2.0,1672,0.65,1986,2,Single Family Residence,1049000,-122.016504078947,37.0706113983241
4526,16,303 Harvest Ln,Scotts Valley,95066,3,2.5,1898,0.05,2014,2,Single Family Residence,925000,0.0,0.0
4527,17,675 Tabor Dr,Scotts Valley,95066,4,2.5,2753,0.33399999999999996,1983,2,Single Family Residence,1350000,-121.997348009536,37.0745016991282
4528,18,111 Burlwood Dr,Scotts Valley,95066,5,4.0,2742,0.263,1971,2,Single Family Residence,1295000,-122.000288723966,37.0597546463159
4529,19,113 Lucia Ln,Scotts Valley,95066,4,2.5,2892,0.252,1987,2,Single Family Residence,1259000,-122.022040445158,37.0416660298781
4530,20,250 Quail Ridge Rd,Scotts Valley,95066,3,3.0,2726,4.55,1983,2,Single Family Residence,1350000,0.0,0.0
4531,21,4304 Scotts Valley Dr,Scotts Valley,95066,3,2.0,1965,0.032,2018,2,Single Family Residence,915000,-122.020107387414,37.0462584932895
4532,22,141 Glen Vis,Scotts Valley,95066,4,2.5,2640,4.69,1978,2,Single Family Residence,1299000,0.0,0.0
4533,23,66 Mill Site Rd,Scotts Valley,95066,3,2.0,2615,3.202,1988,2,Single Family Residence,1250000,-122.019676656457,37.0573810626841
4534,24,699 Ryder Rd,Scotts Valley,95066,3,3.0,4012,0.004,1987,4,Single Family Residence,2799000,0.0,0.0
4535,0,4485 Fairway Dr,Soquel,95073,4,2.5,2282,0.379,1985,2,Single Family Residence,1050000,-121.939111459272,37.0010018729267
4536,1,40 Indy Cir,Soquel,95073,4,4.0,3356,0.235,2019,2,Single Family Residence,2395000,0.0,0.0
4537,2,20 Indy Cir,Soquel,95073,4,4.0,3434,0.235,2019,3,Single Family Residence,2250000,0.0,0.0
4538,3,500 Muir Dr,Soquel,95073,3,3.0,2073,2.878,2008,2,Single Family Residence,1795000,-121.967383,37.020203
4539,4,4545 Fairway Dr,Soquel,95073,4,3.0,2719,0.359,1986,2,Single Family Residence,1399000,-121.939762124592,37.0005324831787
4540,5,4604 Shauna Ct,Soquel,95073,4,2.5,3094,0.145,1986,2,Single Family Residence,1199000,-121.955806164607,37.00065
4541,6,3680 Hardin Way,Soquel,95073,3,2.0,1326,0.133,1990,2,Single Family Residence,779000,-121.944011301991,36.9927023417564
4542,7,46 Sears Cir,Soquel,95073,3,2.5,1510,0.114,1989,2,Single Family Residence,799000,-121.935340751915,36.9876036723698
4543,8,4025 Cory St,Soquel,95073,3,1.5,946,0.135,1947,0,Single Family Residence,699000,-121.9675805,36.9841378
4544,9,1450 Hidden Valley Rd,Soquel,95073,4,2.5,3765,2.481,1980,2,Single Family Residence,1395000,0.0,0.0
4545,10,5499 Ball Dr,Soquel,95073,3,2.5,1544,0.121,1969,2,Single Family Residence,925000,-121.943726,36.991828
4546,11,2556 Gary Dr,Soquel,95073,3,2.0,1415,0.136,1966,2,Single Family Residence,975000,-121.951101608536,36.9842499640677
4547,12,4851 Cherryvale,Soquel,95073,4,3.0,2015,1.34,1968,2,Single Family Residence,2375000,-121.949919546357,37.0111640034051
4548,13,4500 Soquel Dr,Soquel,95073,5,3.0,2840,0.456,1867,0,Single Family Residence,1445000,-121.958851,36.987567
4549,14,1023 Hidden Valley Rd,Soquel,95073,3,3.0,2830,6.957000000000001,2002,3,Single Family Residence,2499000,0.0,0.0
4550,15,4703 Old San Jose Rd,Soquel,95073,3,2.0,1884,2.478,1935,1,Single Family Residence,988000,-121.9571848,36.9934136
4551,16,150 Amigo Rd,Soquel,95073,4,3.5,5250,13.6,1983,3,Single Family Residence,1950000,-121.970258958841,37.0079819665896
4552,17,4827 Rivervale Dr,Soquel,95073,2,2.0,1488,0.297,1937,1,Single Family Residence,899999,-121.951792099044,37.0167738628569
4553,18,2603 Monterey Ave,Soquel,95073,3,2.0,2040,3.5039999999999996,1947,2,Single Family Residence,1475000,-121.941079380543,36.9845293953256
4554,19,5101 Soquel Dr,Soquel,95073,3,3.0,1678,0.20199999999999999,1981,2,Single Family Residence,640000,-121.952547,36.987696
4555,20,1000 N Rodeo Gulch Rd,Soquel,95073,5,4.0,5013,18.444000000000003,1982,4,Single Family Residence,1615950,-121.969637,37.001726
4556,21,505 Alfadel Ln,Soquel,95073,4,3.0,3000,21.0,1978,2,Single Family Residence,2800000,0.0,0.0
4557,0,7910 Hihn Rd,Ben Lomond,95005,4,3.0,2597,0.21,1970,2,Single Family Residence,1075000,0.0,0.0
4558,1,250 Eleana Dr,Ben Lomond,95005,3,2.0,1775,0.32299999999999995,1966,2,Single Family Residence,775000,0.0,0.0
4559,2,800 Noteware Dr,Ben Lomond,95005,3,2.0,1340,0.37,1976,1,Single Family Residence,815000,-122.074002529902,37.0809121232196
4560,3,8549 Glen Arbor Rd,Ben Lomond,95005,3,2.0,1168,0.22399999999999998,1978,0,Single Family Residence,699000,-122.080410401908,37.0769623986092
4561,4,10665 Vineland Rd,Ben Lomond,95005,3,3.0,2097,1.642,1981,0,Single Family Residence,825000,-122.084256560572,37.1052048300303
4562,5,300 Woodland Dr,Ben Lomond,95005,3,2.0,1584,0.319,1965,0,Single Family Residence,875000,-122.086337851661,37.0855296419361
4563,6,320 Sweetwater Ln,Ben Lomond,95005,3,2.5,2741,2.8080000000000003,1975,2,Single Family Residence,1395000,0.0,0.0
4564,7,295 Kipling Ave,Ben Lomond,95005,3,2.0,2272,0.982,1986,2,Single Family Residence,1239000,-122.082674733172,37.092144
4565,8,650 Dickinson Ave,Ben Lomond,95005,3,2.0,1314,0.37,1963,1,Single Family Residence,840000,-122.085165512873,37.0830653793984
4566,9,301 Kessler Dr,Ben Lomond,95005,4,2.5,2287,0.22899999999999998,1980,2,Single Family Residence,850000,-122.072905,37.083032
4567,10,1202 Roberts Rd,Ben Lomond,95005,4,3.0,2400,1.936,2018,3,Single Family Residence,899900,-122.095718761786,37.1084123716922
4568,11,300 Melin Ave,Ben Lomond,95005,2,2.0,1479,0.89,1965,2,Single Family Residence,865000,0.0,0.0
4569,12,205 Taylor Rd,Ben Lomond,95005,1,1.5,928,1.014,1953,0,Single Family Residence,524900,-122.086974,37.096147
4570,13,235 Larita Dr,Ben Lomond,95005,3,2.0,1323,0.342,2019,0,Single Family Residence,535000,-122.077820476175,37.0777978734761
4571,14,121 Rancho Rio Ave,Ben Lomond,95005,4,2.5,3023,0.385,1965,1,Single Family Residence,1199000,-122.077236797457,37.0879233762647
4572,15,900 Pedro Ave,Ben Lomond,95005,5,4.5,3183,90.59299999999999,2003,3,Single Family Residence,2950000,-122.074227,37.090489
4573,0,18115 Virginia Dr,Los Gatos,95033,4,2.0,1767,0.63,1936,0,Single Family Residence,799000,0.0,0.0
4574,1,23570 Mountain Charlie Rd,Los Gatos,95033,4,5.0,3246,5.606,1975,0,Single Family Residence,1900000,0.0,0.0
4575,2,22525 Summit Rd,Los Gatos,95033,2,1.0,1081,0.436,2004,2,Single Family Residence,949000,0.0,0.0
4576,3,18488 Grizzly Rock Rd,Los Gatos,95033,5,3.0,3526,1.058,1979,2,Single Family Residence,1800000,0.0,0.0
4577,4,18303 Black Rd,Los Gatos,95033,5,7.0,9200,4.19,2019,3,Single Family Residence,6498000,0.0,0.0
4578,5,20065 Thompson Rd,Los Gatos,95033,4,2.5,3591,1.8980000000000001,1995,3,Single Family Residence,2148000,0.0,0.0
4579,6,21121 Brush Rd,Los Gatos,95033,5,4.0,4958,3.218,2001,4,Single Family Residence,2899000,0.0,0.0
4580,7,17952 Oak Dr,Los Gatos,95033,4,3.0,2705,0.7759999999999999,1958,2,Single Family Residence,1599000,0.0,0.0
4581,8,23403 Del Monte Way,Los Gatos,95033,4,2.5,2342,1.4180000000000001,1977,2,Single Family Residence,2100000,0.0,0.0
4582,9,20995 Panorama Dr,Los Gatos,95033,5,4.5,5452,2.662,2000,2,Single Family Residence,4480000,0.0,0.0
4583,10,17555 Mountain Charlie Rd,Los Gatos,95033,4,3.0,3504,1.012,1964,2,Single Family Residence,1799000,0.0,0.0
4584,11,22039 Old Santa Cruz Hwy,Los Gatos,95033,3,2.5,2749,1.3419999999999999,1992,2,Single Family Residence,1758800,0.0,0.0
4585,12,21451 Lee Dr,Los Gatos,95033,5,3.0,2507,0.10300000000000001,1926,0,Single Family Residence,1015000,0.0,0.0
4586,13,1095 Wilderfield Rd,Los Gatos,95033,3,3.0,2637,5.319,1986,2,Single Family Residence,1665000,0.0,0.0
4587,14,23476 Belaire Ct,Los Gatos,95033,3,3.0,2148,0.6829999999999999,1974,2,Single Family Residence,1399000,0.0,0.0
4588,15,17155 Melody Ln,Los Gatos,95033,3,2.0,1941,0.7979999999999999,1952,2,Single Family Residence,949975,0.0,0.0
4589,16,21854 Bear Creek Rd,Los Gatos,95033,5,4.0,4343,2.87,1980,2,Single Family Residence,1825000,0.0,0.0
4590,17,17971 Oak Dr,Los Gatos,95033,3,2.0,1560,0.214,1991,0,Single Family Residence,1125000,0.0,0.0
4591,18,17916 Mozelle Ct,Los Gatos,95033,3,2.0,1583,0.185,1932,0,Single Family Residence,798000,0.0,0.0
4592,19,20851 Assiniboine Trl,Los Gatos,95033,2,1.5,1228,0.16899999999999998,1941,0,Single Family Residence,699000,0.0,0.0
4593,20,23880 Wrights Station Rd,Los Gatos,95033,5,3.5,3280,3.594,1987,2,Single Family Residence,2450000,0.0,0.0
4594,21,485 Cresci Rd,Los Gatos,95033,4,3.0,3263,4.5360000000000005,1977,3,Single Family Residence,1499000,0.0,0.0
4595,22,1111 Wilderfield Rd,Los Gatos,95033,3,3.0,3286,48.0,2008,2,Single Family Residence,2690000,0.0,0.0
4596,23,23050 Old Logging Rd,Los Gatos,95033,5,5.0,4211,25.779,1994,2,Single Family Residence,2495000,0.0,0.0
4597,24,18931 Bear Creek Rd,Los Gatos,95033,4,2.5,2870,3.568,1982,4,Single Family Residence,2395000,0.0,0.0
4598,25,30600 Loma Chiquita Rd,Los Gatos,95033,4,3.0,2766,5.033,2006,3,Single Family Residence,1150000,0.0,0.0
4599,26,22695 Old Santa Cruz Hwy,Los Gatos,95033,6,5.0,4720,1.618,1999,3,Single Family Residence,2998000,0.0,0.0
4600,27,12334 First Fork Rd,Los Gatos,95033,2,2.0,2261,3.29,1984,0,Single Family Residence,1199000,0.0,0.0
4601,28,14717 Upper East Zayante Rd,Los Gatos,95033,4,3.5,4050,4.712,1993,2,Single Family Residence,1595000,0.0,0.0
4602,29,20155 Thompson Rd,Los Gatos,95033,4,3.5,2757,5.372000000000001,1995,2,Single Family Residence,2090000,0.0,0.0
4603,30,16337 Redwood Lodge Rd,Los Gatos,95033,3,2.0,1787,3.613,1971,0,Single Family Residence,1059000,0.0,0.0
4604,0,105 Jolon,Watsonville,95076,3,2.0,1363,0.204,1964,2,Single Family Residence,649000,0.0,0.0
4605,1,674 Maher Rd,Royal Oaks,95076,3,2.0,1854,10.2,1980,2,Single Family Residence,499900,0.0,0.0
4606,2,130 Strawberry Canyon Rd,Royal Oaks,95076,3,2.0,1590,3.11,1964,0,Single Family Residence,699000,0.0,0.0
4607,3,1695 Covenant Ln,Royal Oaks,95076,4,3.0,2151,5.0,1989,2,Single Family Residence,795000,0.0,0.0
4608,4,1558 San Sierra Ct,Watsonville,95076,3,2.5,2654,0.077,2005,2,Single Family Residence,685000,-121.771648755448,36.9069707925017
4609,5,5 Breve Ave,La Selva Beach,95076,3,2.0,2361,0.127,1961,2,Single Family Residence,3395000,-121.864522248308,36.9363787904381
4610,6,105 Carlos Ave,La Selva Beach,95076,3,2.0,1215,0.136,1947,0,Single Family Residence,995000,-121.861500979592,36.9366918163265
4611,7,294 Browns Valley Rd,Watsonville,95076,3,3.0,1814,12.96,1976,1,Single Family Residence,2500000,0.0,0.0
4612,8,120 Hazel Dell Hts,Watsonville,95076,3,4.5,5052,60.0,2004,3,Single Family Residence,5950000,0.0,0.0
4613,9,60 Robak Dr,La Selva Beach,95076,4,3.5,2776,0.44,1984,2,Single Family Residence,1099900,-121.8533477,36.9469323
4614,10,717 Cipres St,Watsonville,95076,4,3.0,2314,0.07400000000000001,2004,2,Single Family Residence,699900,-121.741866795918,36.9296364489796
4615,11,600 Heather Point Ln,Watsonville,95076,4,5.0,3229,0.177,1999,2,Single Family Residence,4250000,0.0,0.0
4616,12,250 Patricia Ln,Watsonville,95076,3,2.0,2680,13.96,1972,0,Single Family Residence,1150000,0.0,0.0
4617,13,20 Magnifico Vita Ln,Watsonville,95076,4,2.5,2640,4.104,1990,3,Single Family Residence,760000,0.0,0.0
4618,14,634 Martinelli St,Watsonville,95076,3,2.5,2218,0.212,1957,1,Single Family Residence,699900,-121.757744071499,36.9266127618844
4619,15,1241 Hazel Dell Rd,Watsonville,95076,2,3.0,2196,10.386,1990,0,Single Family Residence,1300000,0.0,0.0
4620,16,675 Delta Way,Watsonville,95076,2,1.5,1064,0.094,1974,1,Single Family Residence,449000,-121.736974579457,36.9179948729317
4621,17,15 Sycamore St,Watsonville,95076,3,1.0,1278,0.124,1931,1,Single Family Residence,529000,-121.762510777339,36.9246440759744
4622,18,605 Atri Ct,Watsonville,95076,2,1.0,892,0.069,1971,1,Single Family Residence,379000,-121.741594790123,36.9171064856981
4623,19,2965 Freedom Blvd,Watsonville,95076,3,2.0,2000,0.237,1927,0,Single Family Residence,800000,-121.7623105,36.9239241
4624,20,50 Browns Valley Rd,Corralitos,95076,4,3.0,2271,1.043,1974,2,Single Family Residence,1029000,-121.803632412285,36.9889124561401
4625,21,17285 Tamara Ln,Royal Oaks,95076,4,3.0,2706,1.35,1978,2,Single Family Residence,824900,0.0,0.0
4626,22,835 Browns Valley Rd,Watsonville,95076,2,2.0,1408,12.7,1991,0,Single Family Residence,799000,0.0,0.0
4627,23,262 Vega Rd,Royal Oaks,95076,5,3.0,2158,6.42,2006,1,Single Family Residence,849000,0.0,0.0
4628,24,2925 Freedom Blvd,Watsonville,95076,7,3.0,2750,0.23,1927,0,Single Family Residence,1199000,-121.7623105,36.9239241
4629,25,780 Calabasas Rd,Watsonville,95076,2,2.5,2046,4.829,1980,2,Single Family Residence,1450000,0.0,0.0
4630,26,54 Clausen Rd,Royal Oaks,95076,4,2.0,1433,1.0,2000,2,Single Family Residence,630000,0.0,0.0
4631,27,840 Madison St,Watsonville,95076,4,2.5,2829,0.129,1990,2,Single Family Residence,699000,-121.760950097879,36.9248759940186
4632,28,650 Almond Dr,Watsonville,95076,2,2.0,1127,0.10300000000000001,1976,2,Single Family Residence,459000,-121.738148467603,36.9183389570678
4633,29,101 Allan Ln,Watsonville,95076,4,3.5,3076,4.92,2009,2,Single Family Residence,1495000,0.0,0.0
4634,30,260 Koenig Rd,Watsonville,95076,3,2.0,3099,9.35,1985,2,Single Family Residence,1498000,0.0,0.0
4635,0,184 College Ave,Los Gatos,95030,4,3.0,3481,0.28600000000000003,1978,3,Single Family Residence,2998000,-121.983449043961,37.2158498816473
4636,1,19051 Overlook Rd,Los Gatos,95030,4,4.0,4100,2.0,1950,2,Single Family Residence,3495000,-121.998512,37.226852
4637,2,136 Wheeler Ave,Los Gatos,95030,3,2.0,1502,0.209,1922,1,Single Family Residence,1799000,-121.968577,37.2238255
4638,3,17915 Foster Rd,Los Gatos,95030,6,5.5,6946,3.5860000000000003,1955,3,Single Family Residence,4950000,-121.973063610813,37.2096730640338
4639,4,4 Glen Ridge Ave,Los Gatos,95030,3,2.0,1750,0.179,1910,1,Single Family Residence,2398000,-121.987659585619,37.2249864285939
4640,5,17941 Saratoga Los Gatos Rd,Monte Sereno,95030,4,4.0,2350,0.654,1944,3,Single Family Residence,2750000,0.0,0.0
4641,6,14833 Karl Ave,Monte Sereno,95030,5,5.5,6700,1.22,2001,3,Single Family Residence,5998000,-121.978619462327,37.2527519877702
4642,7,17800 Tourney Rd,Los Gatos,95030,4,2.0,2302,0.757,1940,2,Single Family Residence,1500000,-121.96992910101,37.2151493434343
4643,8,17330 Parkside Ct,Monte Sereno,95030,5,3.0,3802,0.209,1979,2,Single Family Residence,3950000,-121.975055306884,37.2449798670046
4644,9,16379 Aztec Ridge Dr,Los Gatos,95030,5,4.5,4568,1.294,2006,3,Single Family Residence,3395000,-121.961168172115,37.208019010689
4645,10,109 Sund Ave,Los Gatos,95030,6,5.5,6492,1.105,1989,3,Single Family Residence,7495000,-121.968624865524,37.215490348714
4646,11,17129 Summit Way,Los Gatos,95030,4,3.5,4000,0.61,1953,4,Single Family Residence,2899998,-121.9687982,37.2493574
4647,12,411 San Benito Ave,Los Gatos,95030,2,1.0,918,0.151,1924,1,Single Family Residence,1449000,-121.982809775948,37.2306852498366
4648,13,15738 Oak Knoll Dr,Los Gatos,95030,5,4.5,4011,0.626,1988,3,Single Family Residence,3698000,-121.984537741208,37.2397823874723
4649,14,18782 Withey Rd,Monte Sereno,95030,4,3.5,3732,1.082,1995,2,Single Family Residence,3988888,-121.999967164439,37.230807832689
4650,15,300 W Main St,Los Gatos,95030,4,2.5,2880,0.128,1995,1,Single Family Residence,2849000,-121.985981,37.223553
4651,16,17129 Summit Way,Los Gatos,95030,4,3.5,4000,0.61,1953,4,Single Family Residence,2899998,-121.9687982,37.2493574
4652,17,15288 Alma Jo Ct,Monte Sereno,95030,5,3.0,4428,0.818,1973,3,Single Family Residence,3999000,-121.989966555859,37.2468334399109
4653,18,2 Augusta Ct,Los Gatos,95030,2,1.0,858,0.139,1948,2,Single Family Residence,1300000,-121.977038,37.236548
4654,19,15096 Danielle Pl,Monte Sereno,95030,6,5.5,4556,1.02,1988,3,Single Family Residence,4650000,-121.986427537968,37.2495493702667
4655,20,129 Smith Creek Dr,Los Gatos,95030,4,3.0,2492,0.5429999999999999,1973,3,Single Family Residence,2399300,-121.980512040722,37.2505327556656
4656,21,17627 Foster Rd,Los Gatos,95030,5,3.5,4191,1.911,1978,3,Single Family Residence,2998000,-121.972719803645,37.2124411760475
4657,22,361 Pennsylvania Ave,Los Gatos,95030,4,3.0,2822,0.251,1992,2,Single Family Residence,3950000,-121.990761483468,37.2261988669292
4658,23,18510 Beck Ave,Monte Sereno,95030,5,4.0,6893,1.062,1922,4,Single Family Residence,7350000,-121.995723828957,37.2300505503708
4659,24,16371 Matilija Dr,Los Gatos,95030,5,6.0,7307,1.9,2019,3,Single Family Residence,9975000,0.0,0.0
4660,25,16375 Aztec Ridge Dr,Los Gatos,95030,5,4.5,4942,0.9620000000000001,1978,1,Single Family Residence,3750000,-121.960892456566,37.2081809945903
4661,26,18110 Constitution Ave,Monte Sereno,95030,5,6.0,5356,1.136,1956,3,Single Family Residence,4999000,-121.98782,37.239342
4662,27,221 Jackson St,Los Gatos,95030,6,7.5,10741,1.66,2002,2,Single Family Residence,7998000,-121.975583251018,37.2158567177341
4663,28,16033 Matilija Dr,Los Gatos,95030,5,5.0,5007,1.19,1919,2,Single Family Residence,5400000,0.0,0.0
4664,29,16421 Matilija Dr,Los Gatos,95030,4,5.0,4450,7.03,1997,4,Single Family Residence,5300000,0.0,0.0
4665,30,15563 Kirkorian Way,Monte Sereno,95030,4,3.5,4012,1.0,1973,3,Single Family Residence,4485000,-121.985113424087,37.2418678379738
4666,0,11654 Alta Via Dr,Brookdale,95007,3,2.0,1232,0.33299999999999996,1981,0,Single Family Residence,679000,-122.115475,37.110547
4667,1,925 Forest Way,Brookdale,95007,3,2.0,2200,0.43700000000000006,1951,1,Single Family Residence,575000,-122.108534831803,37.1039357512842
4668,0,135 Boulder Brook Dr,Boulder Creek,95006,4,2.5,1407,0.307,1926,0,Single Family Residence,839000,0.0,0.0
4669,1,17280 Big Basin Way,Boulder Creek,95006,2,1.0,702,0.129,1947,0,Single Family Residence,468000,0.0,0.0
4670,2,364 Teilh Dr,Boulder Creek,95006,3,2.0,1320,0.40700000000000003,1975,2,Single Family Residence,649900,0.0,0.0
4671,3,285 Brook Dr,Boulder Creek,95006,3,2.0,1752,0.242,1936,0,Single Family Residence,675000,0.0,0.0
4672,4,114 Rollingwood Dr,Boulder Creek,95006,3,2.0,1300,0.225,1963,1,Single Family Residence,789000,-122.091899669261,37.1390208968141
4673,5,635 Primavera Rd,Boulder Creek,95006,4,2.0,1163,0.2,1937,0,Single Family Residence,629000,0.0,0.0
4674,6,18377 Bear Creek Rd,Boulder Creek,95006,3,3.0,2650,5.071000000000001,1975,0,Single Family Residence,998000,-122.069041,37.169892
4675,7,243 Riverview Dr,Boulder Creek,95006,2,2.0,1344,0.6659999999999999,1936,0,Single Family Residence,606000,0.0,0.0
4676,8,418 Hillside Dr,Boulder Creek,95006,1,1.0,728,0.312,1946,0,Single Family Residence,425000,0.0,0.0
4677,9,17756 Big Basin Way,Boulder Creek,95006,2,1.0,1117,9.113999999999999,1928,0,Single Family Residence,1195000,0.0,0.0
4678,10,660 Hartman Creek Rd,Boulder Creek,95006,1,1.0,717,5.093999999999999,1980,0,Single Family Residence,299000,0.0,0.0
4679,11,968 Creek Dr,Boulder Creek,95006,2,1.0,790,0.23,1941,0,Single Family Residence,489000,0.0,0.0
4680,12,434 River Dr,Boulder Creek,95006,2,3.0,1365,0.586,2000,2,Single Family Residence,738000,0.0,0.0
4681,13,291 Buena Vista Ave,Boulder Creek,95006,3,2.0,1402,0.526,1942,0,Single Family Residence,629000,0.0,0.0
4682,14,13550 Bear Creek Rd #22,Boulder Creek,95006,2,1.0,835,0.48200000000000004,1932,0,Single Family Residence,250000,0.0,0.0
4683,15,Address Not Disclosed,Boulder Creek,95006,3,1.5,1152,0.297,1957,0,Single Family Residence,499900,0.0,0.0
4684,16,383 Hillside Dr,Boulder Creek,95006,1,1.0,950,0.428,1940,0,Single Family Residence,129000,0.0,0.0
4685,17,215 Tinkers Trl,Boulder Creek,95006,5,4.5,3322,7.63,1991,3,Single Family Residence,1199999,0.0,0.0
4686,18,251 Acorn Dr,Boulder Creek,95006,2,2.0,1110,1.915,1942,0,Single Family Residence,499000,0.0,0.0
4687,19,160 Buena Vista Ave,Boulder Creek,95006,3,2.0,1869,0.273,1938,0,Single Family Residence,719000,0.0,0.0
4688,20,777 Blue Ridge Dr,Boulder Creek,95006,2,1.0,692,0.564,1941,0,Single Family Residence,99000,0.0,0.0
4689,21,355 Brook Dr,Boulder Creek,95006,3,2.0,1597,0.126,1974,0,Single Family Residence,580000,0.0,0.0
4690,22,398 Shadow Mountain Rd,Boulder Creek,95006,1,1.0,551,2.265,1975,0,Single Family Residence,510000,-122.095003,37.150825
4691,23,0000 Little Buck Road,Boulder Creek,95006,1,1.0,600,8.737,1984,0,Single Family Residence,299000,0.0,0.0
4692,24,28495 Big Basin Way,Boulder Creek,95006,6,4.5,5850,9.6,1982,4,Single Family Residence,2650000,0.0,0.0
4693,0,149 Zanzibar Dr,Aptos,95003,5,5.0,3722,0.75,2003,2,Single Family Residence,2495000,0.0,0.0
4694,1,176 Wingfoot Dr,Aptos,95003,4,4.0,2792,0.304,1986,2,Single Family Residence,1450000,0.0,0.0
4695,2,1552 Seascape Blvd,Aptos,95003,3,3.0,2366,0.057999999999999996,1986,1,Single Family Residence,998000,-121.8771503,36.9519709
4696,3,1910 Day Valley Rd,Aptos,95003,5,3.0,2708,1.158,1978,1,Single Family Residence,1299000,0.0,0.0
4697,4,606 Bonita Dr,Aptos,95003,3,2.5,1425,0.187,1980,0,Single Family Residence,685000,-121.878342947512,36.9715184506065
4698,5,2002 Seascape Blvd,Aptos,95003,2,1.5,1215,0.073,1979,1,Single Family Residence,749000,-121.8771503,36.9519709
4699,6,375 Beach Dr,Aptos,95003,3,2.0,1254,0.122,1952,0,Single Family Residence,2250000,-121.900100681825,36.9658808881374
4700,7,338 Kingsbury Dr,Aptos,95003,2,1.0,812,0.157,1961,0,Single Family Residence,1350000,0.0,0.0
4701,8,24 Potbelly Beach Rd,Aptos,95003,4,3.5,1871,0.27699999999999997,1972,0,Single Family Residence,5150000,0.0,0.0
4702,9,7117 Somerset Ct,Aptos,95003,4,2.5,1852,0.098,1991,2,Single Family Residence,998000,0.0,0.0
4703,10,300 Los Altos Dr,Aptos,95003,3,2.5,2367,0.175,1979,2,Single Family Residence,1100000,-121.888184,36.96362
4704,11,3680 Redwood Dr,Aptos,95003,2,1.0,784,0.156,1963,0,Single Family Residence,549000,0.0,0.0
4705,12,7300 Viewpoint Rd,Aptos,95003,3,2.5,2621,0.35100000000000003,1964,2,Single Family Residence,1799000,0.0,0.0
4706,13,986 Via Palo Alto,Aptos,95003,3,3.5,2000,0.201,1971,2,Single Family Residence,3950000,0.0,0.0
4707,14,334 Kingsbury Dr,Aptos,95003,3,2.0,1325,0.155,1967,0,Single Family Residence,1600000,0.0,0.0
4708,15,1550-1552 Day Valley Rd,Aptos,95003,3,2.0,1784,0.542,2005,0,Single Family Residence,1385000,0.0,0.0
4709,16,813 Loma Prieta Dr,Aptos,95003,2,1.0,834,0.191,1968,0,Single Family Residence,675000,-121.874488117347,36.967973255685
4710,17,407 Beach Dr,Aptos,95003,3,2.5,1691,0.157,1935,0,Single Family Residence,2380000,-121.899094425304,36.9652785325112
4711,18,4761 Fern Flat Rd,Aptos,95003,3,2.0,1440,12.561,1985,0,Single Family Residence,1324000,0.0,0.0
4712,19,1405 Clubhouse Dr,Aptos,95003,3,3.5,2830,0.34299999999999997,1987,2,Single Family Residence,3400000,-121.8823925,36.9657259
4713,20,531 Cuesta Dr,Aptos,95003,4,3.0,2586,0.276,1970,1,Single Family Residence,1199000,0.0,0.0
4714,21,422 Clubhouse Dr,Aptos,95003,3,2.0,1316,0.145,1958,2,Single Family Residence,850000,-121.887000940012,36.9713194449857
4715,22,261 Dry Creek Rd,Aptos,95003,3,2.5,2057,0.099,1986,2,Single Family Residence,998500,-121.887848368121,36.9620065337934
4716,23,327 Hillcrest Dr,Aptos,95003,2,1.0,899,0.076,1963,1,Single Family Residence,749000,0.0,0.0
4717,24,833 Loma Prieta Dr,Aptos,95003,3,2.5,1716,0.183,1991,0,Single Family Residence,759000,-121.873564900347,36.9679804798315
4718,25,308 Seacliff Dr,Aptos,95003,2,1.0,984,0.065,1962,0,Single Family Residence,775000,-121.9121642,36.9744406
4719,26,3430 Merrill Rd,Aptos,95003,6,4.0,3427,0.763,2011,2,Single Family Residence,2350000,0.0,0.0
4720,27,280 Ventana Way,Aptos,95003,4,2.5,3235,0.249,2000,3,Single Family Residence,1699000,0.0,0.0
4721,28,284 Ventana Way,Aptos,95003,4,3.5,3129,0.19,2003,2,Single Family Residence,1785000,0.0,0.0
4722,29,205 Via Campana,Aptos,95003,3,3.0,2294,0.242,1972,2,Single Family Residence,2999900,0.0,0.0
4723,30,327 Beach Dr,Aptos,95003,4,2.0,1659,0.132,1940,0,Single Family Residence,2495000,-121.901615957982,36.9667745029008
4724,0,11 Pine Ave,Mount Hermon,95041,3,2.0,1940,0.14400000000000002,2004,3,Single Family Residence,1588000,-122.054105249654,37.0514439969442
4725,0,51 Water Ln,Pescadero,94060,4,2.0,1076,0.107,1900,0,Single Family Residence,414900,-122.395136167544,37.2545677783624
4726,1,301 Ranch Rd,Pescadero,94060,4,5.0,5100,0.004,1965,2,Single Family Residence,6395000,-122.36143,37.243783
4727,2,501 Bean Hollow Rd,Pescadero,94060,3,2.5,2800,10.265,1996,4,Single Family Residence,3350000,-122.40562,37.224519
4728,3,Address Not Disclosed,Pescadero,94060,4,3.0,3075,1.96,2003,0,Single Family Residence,5275000,0.0,0.0
4729,4,2088 Green Oaks Way,Pescadero,94060,7,9.0,17000,50.0,2015,4,Single Family Residence,18900000,0.0,0.0
4730,0,5595 Diablo Hills Rd,Tres Pinos,95075,4,2.5,3000,3.0,1993,4,Single Family Residence,1230000,-121.331953388081,36.80374985
4731,0,1945-1979 N Highway 101,Aromas,95004,3,2.0,1138,50.95,1930,2,Single Family Residence,2600000,0.0,0.0
4732,1,19220 Pioneer Pl,Aromas,95004,3,3.5,2664,2.5,1984,3,Single Family Residence,1249000,0.0,0.0
4733,2,100 Karen Ct,Aromas,95004,3,2.5,2373,1.0,1999,2,Single Family Residence,869000,-121.640138433401,36.88044
4734,3,148 Dunbarton Rd B,Aromas,95004,5,3.5,4336,14.04,2002,3,Single Family Residence,2495000,0.0,0.0
4735,4,2765 Summerland Rd,Aromas,95004,3,3.5,3964,4.18,2001,3,Single Family Residence,1595000,-121.65618,36.869461
4736,5,3525 Pleasant Acre Ln,Aromas,95004,5,4.0,3561,2.06,1978,2,Single Family Residence,979000,0.0,0.0
4737,6,2855 Rancho Rea Rd,Aromas,95004,3,2.0,1440,2.56,1978,4,Single Family Residence,625000,-121.647091165315,36.8766098978241
4738,7,334 Carpenteria Rd,Aromas,95004,1,1.0,600,0.095,1955,0,Single Family Residence,465000,-121.642709922328,36.88726165
4739,0,977 Alta Oak Way,Gilroy,95020,4,4.0,2819,0.16399999999999998,2003,3,Single Family Residence,965000,-121.578101484414,36.9907906517219
4740,1,7905 Spanish Oak Cir,Gilroy,95020,4,2.5,2133,0.046,2010,2,Single Family Residence,739999,-121.59829596392,37.0114824149167
4741,2,5550 Karen Ct,Gilroy,95020,3,2.5,1908,0.16899999999999998,1978,2,Single Family Residence,799000,-121.571860513829,36.9792906396895
4742,3,9272 El Caminito,Gilroy,95020,3,2.0,1606,0.14,1986,2,Single Family Residence,775000,-121.601415310018,37.0270050699464
4743,4,1075 Ortega Cir,Gilroy,95020,4,2.0,1839,0.157,1975,2,Single Family Residence,775000,-121.590016624746,37.0097420439919
4744,5,3225 Dryden Ave,Gilroy,95020,4,3.5,3727,10.81,1991,3,Single Family Residence,1795000,-121.525762373133,37.0419671701164
4745,6,3315 Dryden Ave,Gilroy,95020,1,1.0,840,1.68,1910,0,Single Family Residence,840000,-121.523345861111,37.0428205555556
4746,7,450 Eden St,Gilroy,95020,4,2.5,1829,0.087,1997,2,Single Family Residence,730000,-121.583723554464,37.0244881739795
4747,8,6600 Tecate Ln,Gilroy,95020,3,2.5,2089,0.084,2015,2,Single Family Residence,735000,-121.5657819,36.9965583
4748,9,1505 Mantelli Dr,Gilroy,95020,4,2.0,1922,0.213,1985,2,Single Family Residence,845000,-121.603556,37.020642
4749,10,1150 Valbusa Dr,Gilroy,95020,4,3.0,1790,0.138,1986,2,Single Family Residence,799000,-121.600500455495,37.0253726563672
4750,11,7970 Kipling Cir,Gilroy,95020,3,2.5,1497,0.055,2005,2,Single Family Residence,659000,-121.585774087736,37.0127827467343
4751,12,7210 Holsclaw Rd,Gilroy,95020,3,1.0,1325,0.214,1950,1,Single Family Residence,3295000,-121.538803696911,37.0119837897208
4752,13,1268 Blue Parrot Ct,Gilroy,95020,5,3.0,2566,0.14400000000000002,1998,2,Single Family Residence,1100000,-121.599955834862,37.0232835364106
4753,14,6635 Angela Ct,Gilroy,95020,4,3.0,2090,0.209,1981,12,Single Family Residence,824900,-121.57154667048,36.9939852626668
4754,15,28 Angra Way,Gilroy,95020,3,2.5,2069,0.065,2015,2,Single Family Residence,699888,-121.5658427,36.9971108
4755,16,2631 Club Dr,Gilroy,95020,5,3.5,3350,0.166,2000,2,Single Family Residence,1259000,-121.617292581496,37.0056744885335
4756,17,7156 Redwood Retreat Rd,Gilroy,95020,1,1.0,768,4.763999999999999,1935,0,Single Family Residence,399000,-121.682539,37.0329879
4757,18,640 Tatum Ave,Gilroy,95020,2,1.0,848,2.83,1940,0,Single Family Residence,1399000,-121.590038605183,37.027128
4758,19,1283 Pheasant Dr,Gilroy,95020,4,2.5,1735,0.124,1994,2,Single Family Residence,759900,-121.604043167569,37.0268968043508
4759,20,770 Carla Way,Gilroy,95020,4,2.0,1532,0.149,1965,2,Single Family Residence,679000,-121.588310703444,37.0211728845557
4760,21,3970 Leavesley Rd,Gilroy,95020,4,3.5,4222,58.644,1991,3,Single Family Residence,16000000,-121.515066852933,37.0442476629615
4761,22,2410 Sunflower Cir,Gilroy,95020,6,4.5,4314,0.489,1999,3,Single Family Residence,1374985,-121.620957072859,37.0201959460243
4762,23,6711 Garden Ct,Gilroy,95020,3,2.0,1138,0.16899999999999998,1963,2,Single Family Residence,699000,-121.56643781678,36.9965781526408
4763,24,8585 Strawberry Ln,Gilroy,95020,4,3.0,3621,0.679,2003,4,Single Family Residence,1374999,-121.623500938426,37.0197542190815
4764,25,9328 Lone Deer Way,Gilroy,95020,4,3.0,2658,0.14400000000000002,1998,3,Single Family Residence,910000,-121.601708414631,37.02805292672
4765,26,7932 Cinnamon Way,Gilroy,95020,4,3.0,3018,0.20199999999999999,2016,3,Single Family Residence,1199000,0.0,0.0
4766,27,6445 Sussex Pl,Gilroy,95020,4,2.0,2147,0.161,1981,2,Single Family Residence,774999,-121.565862332924,36.9927586965761
4767,28,1446 Swallow Ln,Gilroy,95020,4,2.5,1988,0.134,1997,2,Single Family Residence,794000,-121.607250851451,37.0258923537137
4768,29,293 Windsong Way,Gilroy,95020,4,3.5,2729,0.214,2014,2,Single Family Residence,879000,0.0,0.0
4769,30,7620 Mackenzie Way,Gilroy,95020,4,3.0,3191,0.142,2011,3,Single Family Residence,1225000,-121.618646,37.0062232031726
4770,0,34349 Los Gatos Rd,Coalinga,93210,6,4.0,3420,0.004,2004,6,Single Family Residence,550000,0.0,0.0
4771,1,178 Keck Ln,Coalinga,93210,4,3.0,2084,0.22,1994,2,Single Family Residence,299999,-120.371578391313,36.1372649859891
4772,2,833 Riesling Ln #99,Coalinga,93210,4,2.0,1798,0.152,2019,2,Single Family Residence,259275,0.0,0.0
4773,3,822 Riesling Ln #119,Coalinga,93210,4,2.0,1798,0.152,2019,2,Single Family Residence,259415,0.0,0.0
4774,4,843 Riesling Ln #98,Coalinga,93210,4,2.5,2226,0.152,2019,2,Single Family Residence,271225,0.0,0.0
4775,5,835 Petite Sirah Ln #127,Coalinga,93210,5,3.0,2815,0.152,2019,2,Single Family Residence,308350,0.0,0.0
4776,6,832 Riesling Ln #120,Coalinga,93210,4,2.5,2226,0.152,2019,2,Single Family Residence,270380,0.0,0.0
4777,7,140 Washington St,Coalinga,93210,2,1.0,1129,0.207,1938,2,Single Family Residence,179900,-120.365137530612,36.143839755102
4778,8,420 W Sacramento St,Coalinga,93210,3,2.0,1536,0.20199999999999999,1978,2,Single Family Residence,179900,-120.368933131923,36.1331096932358
4779,9,745 Petite Sirah Ln #136,Coalinga,93210,5,3.0,2815,0.152,2019,2,Single Family Residence,288400,0.0,0.0
4780,10,852 Riesling Ln #122,Coalinga,93210,4,2.5,2226,0.152,2019,2,Single Family Residence,266400,0.0,0.0
4781,11,862 Riesling Ln #123,Coalinga,93210,5,3.0,2815,0.152,2019,2,Single Family Residence,310635,0.0,0.0
4782,12,853 Riesling Ln #97,Coalinga,93210,3,2.0,1440,0.152,2019,2,Single Family Residence,235875,0.0,0.0
4783,13,835 Petite Sirah Ln #127,Coalinga,93210,5,3.0,2815,0.152,2019,2,Single Family Residence,286400,0.0,0.0
4784,14,145 N 2nd St,Coalinga,93210,3,1.0,1035,0.11,1985,1,Single Family Residence,130000,-120.35681390843,36.1424246317163
4785,15,330 Louisiana St,Coalinga,93210,3,1.0,1172,0.335,1915,0,Single Family Residence,149950,-120.360097312241,36.1343721203978
4786,0,20104 Panoche Rd,Paicines,95043,2,2.0,1100,39.5,1987,0,Single Family Residence,520000,-121.243991,36.707356
4787,1,11121 Airline Hwy,Paicines,95043,3,2.0,1750,12.73,1958,1,Single Family Residence,884900,-121.28013025,36.743947
4788,2,981 New Idria Rd,Paicines,95043,3,1.0,1091,0.039,1897,0,Single Family Residence,1800000,0.0,0.0
4789,3,20459 Panoche Rd,Paicines,95043,3,2.0,2880,57.2,2005,5,Single Family Residence,750000,-121.243991,36.707356
4790,4,20334 Panoche Rd,Paicines,95043,2,2.0,1860,39.3,2000,0,Single Family Residence,719900,-121.243991,36.707356
4791,5,20381 Panoche Rd,Paicines,95043,3,1.0,1100,40.3,1980,0,Single Family Residence,470000,-121.243991,36.707356
4792,0,375 Thistle St,Hollister,95023,3,2.5,1928,0.141,2019,2,Single Family Residence,625900,0.0,0.0
4793,1,1951 Spruce Dr,Hollister,95023,3,2.0,1460,0.13699999999999998,1995,2,Single Family Residence,539000,-121.36770538231,36.8431078090848
4794,2,1253 Hamilton Dr,Hollister,95023,4,3.0,2270,0.13,2016,2,Single Family Residence,659500,0.0,0.0
4795,3,460 Tevis Trl,Hollister,95023,4,3.5,2735,5.7,1997,4,Single Family Residence,1350000,0.0,0.0
4796,4,1057 Victoria St,Hollister,95023,4,2.0,1600,0.107,1900,3,Single Family Residence,505000,0.0,0.0
4797,5,460 Bordeaux Pl,Hollister,95023,4,2.5,2178,0.138,1995,2,Single Family Residence,609888,-121.392843199254,36.8527463
4798,6,2410 Paradise Cir,Hollister,95023,4,3.0,3020,0.14,1999,2,Single Family Residence,675000,-121.377482714286,36.8248247142857
4799,7,141 Arroyo Seco Dr,Hollister,95023,5,3.0,4000,5.11,1985,5,Single Family Residence,1200000,0.0,0.0
4800,8,1225 Quail Ridge Way,Hollister,95023,4,2.5,2977,0.28,1999,3,Single Family Residence,769900,0.0,0.0
4801,9,1951 Ponderosa Ct,Hollister,95023,4,2.0,1627,0.147,1995,2,Single Family Residence,557000,-121.368144743424,36.8416984625262
4802,10,2160 Alturas Ct,Hollister,95023,4,2.5,3165,0.153,2000,3,Single Family Residence,649950,-121.376452472219,36.829205309265
4803,11,840 Lanini Dr,Hollister,95023,3,2.0,1900,0.23,1986,2,Single Family Residence,600000,0.0,0.0
4804,12,355 Linda Dr,Hollister,95023,3,2.0,2300,0.3,1997,2,Single Family Residence,729000,0.0,0.0
4805,13,2671 Valley View Rd,Hollister,95023,4,3.0,2200,0.141,1998,2,Single Family Residence,635000,-121.375207357143,36.8251455714286
4806,14,1632 Goldenstar Ct,Hollister,95023,3,2.5,1850,0.124,2019,2,Single Family Residence,623450,0.0,0.0
4807,15,1201 Brighton Dr,Hollister,95023,3,2.0,1080,0.161,1997,2,Single Family Residence,524900,-121.379859,36.825571
4808,16,1205 S Ridgemark Dr,Hollister,95023,4,2.5,2600,0.23199999999999998,1989,2,Single Family Residence,749900,0.0,0.0
4809,17,1665 Goldenstar Ct,Hollister,95023,4,2.0,2003,0.243,2019,2,Single Family Residence,699310,0.0,0.0
4810,18,1951 Sycamore Ct,Hollister,95023,4,2.0,1620,0.16899999999999998,1995,2,Single Family Residence,549900,-121.368002196322,36.8424013355337
4811,19,604 Calais Ct,Hollister,95023,5,2.5,2778,0.14400000000000002,2016,2,Single Family Residence,695000,-121.389891612245,36.8398686734694
4812,20,1340 Trieste Dr,Hollister,95023,3,2.0,1690,0.14,1988,2,Single Family Residence,545000,-121.386722165837,36.8414485
4813,21,1620 Iris St,Hollister,95023,3,2.0,1768,0.184,1965,2,Single Family Residence,599000,-121.382372875,36.8370185
4814,22,1637 Santana Ranch Dr,Hollister,95023,4,3.0,2698,0.166,2016,2,Single Family Residence,749000,0.0,0.0
4815,23,557 Ruben's Ct,Hollister,95023,5,3.5,3309,4.78,2016,5,Single Family Residence,1495000,0.0,0.0
4816,24,4661 Fairview Rd,Hollister,95023,7,7.0,5035,16.08,2005,5,Single Family Residence,2800000,-121.3635958,36.8431848
4817,25,710 La Baig Dr,Hollister,95023,4,3.0,1847,0.154,1999,2,Single Family Residence,589000,-121.388473184528,36.8558512
4818,26,1481 Mcdonald Cir,Hollister,95023,3,2.5,1851,0.196,1999,2,Single Family Residence,608000,-121.376183877551,36.8398063877551
4819,27,1870 Carousel Dr,Hollister,95023,4,3.0,2591,0.145,1999,3,Single Family Residence,670000,-121.387974645351,36.833457778493
4820,28,2291 Fairhaven Dr,Hollister,95023,3,2.5,2131,0.146,1997,2,Single Family Residence,586800,-121.37884312278,36.8269560646752
4821,29,961 Bonnie View Dr,Hollister,95023,4,3.0,2300,0.147,2019,2,Single Family Residence,629000,-121.377858591837,36.845328755102
4822,30,1601 Lily Ct,Hollister,95023,4,3.0,2571,0.158,2017,2,Single Family Residence,749900,0.0,0.0
4823,0,100 River Dr,King City,93930,2,2.0,974,0.047,1975,1,Single Family Residence,234900,-121.132995,36.201678
4824,1,323 S Mildred Ave,King City,93930,4,2.0,1096,0.115,1960,0,Single Family Residence,315000,-121.129839979592,36.2072179795918
4825,2,131 Legacy Dr,King City,93930,3,2.5,1592,0.098,2006,2,Single Family Residence,329000,-121.130435489796,36.2217619387755
4826,3,51640 Pine Canyon Rd,King City,93930,3,3.0,2000,1.34,1990,2,Single Family Residence,575000,0.0,0.0
4827,4,45163 Palomino Rd,King City,93930,4,3.0,2626,3.58,2002,2,Single Family Residence,690000,0.0,0.0
4828,5,53700 Pine Canyon Rd,King City,93930,6,4.0,1231,10.31,1969,0,Single Family Residence,999999,0.0,0.0
4829,6,53620 Pine Canyon Rd,King City,93930,3,2.5,1826,10.0,1968,0,Single Family Residence,650000,0.0,0.0
4830,7,53620 Pine Canyon Rd,King City,93930,3,2.5,1800,10.0,1968,0,Single Family Residence,650000,0.0,0.0
4831,8,459 Arboleda Ln,King City,93930,3,2.5,1421,0.099,2007,2,Single Family Residence,304999,0.0,0.0
4832,9,44753 Sun Valley Dr,King City,93930,3,2.0,2167,2.73,1995,3,Single Family Residence,685000,0.0,0.0
4833,10,638 Bassett St,King City,93930,2,1.0,1075,0.122,1955,1,Single Family Residence,295000,-121.131095,36.208998
4834,0,853 Olympia Ave,San Juan Bautista,95045,4,1.0,1978,10.0,1905,2,Single Family Residence,1200000,0.0,0.0
4835,1,777 Olympia Ave,San Juan Bautista,95045,3,2.0,3576,5.02,1977,4,Single Family Residence,1089000,0.0,0.0
4836,2,2341 Chittenden Rd,San Juan Bautista,95045,2,2.0,1356,1.85,1936,2,Single Family Residence,725000,0.0,0.0
4837,3,956 Calle Cruz,San Juan Bautista,95045,3,2.5,3415,1.0,2005,3,Single Family Residence,949000,0.0,0.0
4838,4,4596 San Juan Canyon Rd,San Juan Bautista,95045,5,4.5,3800,5.61,1999,3,Single Family Residence,1150000,0.0,0.0
4839,5,885 Via Vaquero Norte,San Juan Bautista,95045,5,3.5,4045,0.5,2000,3,Single Family Residence,1100000,0.0,0.0
4840,6,307 7th St,San Juan Bautista,95045,3,2.0,1356,0.126,1979,2,Single Family Residence,549000,-121.539702419551,36.8418866262543
4841,7,271 Copperleaf Ln,San Juan Bautista,95045,3,3.0,2906,0.162,2019,4,Single Family Residence,805000,0.0,0.0
4842,8,180 Lang St,San Juan Bautista,95045,3,2.0,1480,0.161,1980,2,Single Family Residence,569999,-121.539475501067,36.84000315
4843,9,1600 Rocks Rd,San Juan Bautista,95045,4,2.0,1723,0.72,1940,6,Single Family Residence,479000,0.0,0.0
4844,10,270 Copperleaf Ln,San Juan Bautista,95045,5,3.0,2906,0.165,2019,3,Single Family Residence,709000,0.0,0.0
4845,11,1129 1st St,San Juan Bautista,95045,4,2.5,2461,0.184,2003,2,Single Family Residence,679999,-121.5387065,36.8476002
4846,12,1205 Vista Way,San Juan Bautista,95045,4,3.5,3085,0.161,2019,3,Single Family Residence,791950,0.0,0.0
4847,13,1153 Vista Way,San Juan Bautista,95045,4,2.5,2347,0.163,2018,2,Single Family Residence,736950,0.0,0.0
4848,14,1200 Vista Way,San Juan Bautista,95045,4,2.5,2347,0.161,2018,2,Single Family Residence,709950,0.0,0.0
4849,15,1135 Rancho Way,San Juan Bautista,95045,4,2.5,2347,0.16399999999999998,2018,2,Single Family Residence,766950,0.0,0.0
